order_id,order_date,region,category,units,unit_price,discount_pct,revenue,cost,profit
ORD00605,2024-01-01,East,Home,1,97.65,0.13,85.2,62.77,22.43
ORD00655,2024-01-01,North,Sports,4,46.53,0.06,174.69,119.1,55.59
ORD00886,2024-01-01,North,Home,2,117.91,0.03,229.91,130.5,99.41
ORD01569,2024-01-02,South,Clothing,4,56.22,0.09,204.23,146.8,57.43
ORD01177,2024-01-03,West,Sports,4,50.85,0.05,193.31,108.05,85.27
ORD00061,2024-01-03,South,Sports,2,97.83,0.08,179.27,136.57,42.7
ORD00706,2024-01-03,North,Grocery,3,16.73,0.11,44.69,33.66,11.03
ORD00260,2024-01-04,South,Home,5,78.73,0.05,372.04,229.6,142.44
ORD02135,2024-01-04,South,Clothing,4,66.04,0.09,240.93,127.25,113.68
ORD00880,2024-01-05,East,Home,4,67.67,0.01,267.02,196.87,70.15
ORD01613,2024-01-05,East,Home,2,72.9,0.17,120.46,78.98,41.47
ORD00784,2024-01-05,West,Electronics,5,195.48,0.09,893.99,499.33,394.66
ORD01337,2024-01-05,South,Home,4,88.61,0.15,299.98,177.79,122.18
ORD00245,2024-01-05,South,Home,4,75.13,0.03,291.93,183.05,108.88
ORD00711,2024-01-05,West,Clothing,4,65.04,0.04,250.23,168.8,81.43
ORD02130,2024-01-05,West,Clothing,4,56.22,0.1,202.87,156.35,46.52
ORD00632,2024-01-05,South,Home,4,64.63,0.06,242.09,156.59,85.5
ORD01735,2024-01-05,North,Clothing,2,59.75,0.02,117.7,64.54,53.15
ORD00858,2024-01-05,North,Grocery,10,30.07,0.06,283.58,174.8,108.78
ORD00138,2024-01-06,East,Grocery,7,21.06,0.18,121.01,77.57,43.44
ORD00783,2024-01-06,West,Clothing,5,52.7,0.08,243.68,174.82,68.86
ORD01296,2024-01-07,East,Grocery,4,18.8,0.1,67.38,50.52,16.86
ORD00622,2024-01-08,East,Electronics,3,157.25,0.02,461.62,325.63,135.99
ORD00488,2024-01-08,East,Grocery,9,22.79,0.12,179.84,125.93,53.91
ORD01121,2024-01-10,North,Home,6,77.6,0.09,423.99,251.07,172.92
ORD01847,2024-01-10,West,Home,1,77.07,0.14,66.4,44.16,22.24
ORD00823,2024-01-10,West,Grocery,11,23.73,0.11,232.28,156.29,76.0
ORD00540,2024-01-10,North,Sports,1,65.33,0.03,63.31,37.52,25.79
ORD01390,2024-01-10,East,Sports,2,108.19,0.03,209.89,124.43,85.46
ORD00253,2024-01-10,South,Grocery,12,28.78,0.04,332.96,217.48,115.48
ORD01167,2024-01-10,West,Home,3,68.53,0.04,196.77,109.85,86.92
ORD01418,2024-01-11,West,Grocery,4,19.64,0.06,74.22,56.09,18.13
ORD00779,2024-01-11,West,Sports,3,97.62,0.06,276.1,162.45,113.65
ORD02069,2024-01-11,West,Sports,3,83.08,0.05,237.22,159.86,77.36
ORD00256,2024-01-12,South,Electronics,3,192.26,0.01,571.78,315.83,255.95
ORD01709,2024-01-12,North,Home,1,113.6,0.07,106.2,66.55,39.65
ORD01571,2024-01-12,East,Home,5,76.9,0.1,345.74,232.72,113.01
ORD00143,2024-01-12,South,Electronics,1,218.66,0.06,206.18,117.06,89.11
ORD01749,2024-01-13,North,Electronics,1,229.4,0.04,221.09,147.92,73.17
ORD01437,2024-01-13,South,Home,7,117.0,0.07,764.46,525.55,238.91
ORD01694,2024-01-13,East,Electronics,3,190.47,0.03,551.67,308.34,243.33
ORD00076,2024-01-13,South,Grocery,9,19.58,0.06,164.82,122.96,41.86
ORD00316,2024-01-14,East,Home,1,62.47,0.09,56.92,41.38,15.54
ORD01207,2024-01-14,East,Clothing,1,85.2,0.04,82.15,49.88,32.27
ORD02127,2024-01-14,North,Home,5,105.5,0.02,516.62,332.45,184.16
ORD01042,2024-01-15,North,Electronics,1,174.26,0.03,169.5,95.43,74.07
ORD01254,2024-01-15,West,Sports,1,63.15,0.1,57.07,42.66,14.41
ORD02120,2024-01-16,West,Electronics,4,152.51,0.01,602.93,470.14,132.8
ORD00415,2024-01-16,West,Clothing,5,40.65,0.05,192.49,109.61,82.88
ORD00472,2024-01-16,West,Grocery,13,26.25,0.06,320.25,200.1,120.14
ORD00108,2024-01-16,South,Sports,1,75.1,0.23,57.56,33.32,24.24
ORD01796,2024-01-16,North,Grocery,6,24.88,0.03,145.37,95.19,50.18
ORD01398,2024-01-16,North,Electronics,1,231.56,0.16,195.53,143.24,52.29
ORD00946,2024-01-17,East,Home,2,76.86,0.01,151.57,105.5,46.07
ORD01938,2024-01-17,South,Electronics,2,266.18,0.07,496.75,314.72,182.03
ORD00469,2024-01-18,South,Home,4,56.39,0.07,210.31,158.91,51.4
ORD00505,2024-01-18,South,Clothing,7,55.18,0.08,357.02,239.22,117.8
ORD02155,2024-01-18,South,Clothing,4,55.45,0.07,207.25,147.39,59.86
ORD01096,2024-01-18,North,Sports,2,86.67,0.1,156.63,112.91,43.72
ORD01639,2024-01-18,South,Electronics,1,205.83,0.22,159.65,84.93,74.73
ORD00406,2024-01-20,West,Sports,3,73.67,0.1,198.8,109.74,89.06
ORD00775,2024-01-20,West,Home,3,62.1,0.07,173.05,112.97,60.08
ORD00233,2024-01-20,West,Electronics,1,190.17,0.06,178.98,119.53,59.45
ORD01590,2024-01-20,North,Clothing,6,45.83,0.08,254.22,193.07,61.15
ORD00411,2024-01-21,West,Sports,1,58.68,0.04,56.36,37.97,18.39
ORD01825,2024-01-22,South,Grocery,9,27.95,0.08,232.15,135.29,96.85
ORD01605,2024-01-22,East,Home,5,73.35,0.03,354.47,259.0,95.46
ORD00582,2024-01-22,West,Electronics,1,213.65,0.08,196.09,116.69,79.39
ORD00338,2024-01-22,East,Clothing,3,45.61,0.14,117.91,84.61,33.31
ORD00887,2024-01-22,South,Home,3,79.3,0.05,226.34,141.99,84.35
ORD00852,2024-01-22,East,Clothing,3,52.56,0.09,144.2,99.32,44.88
ORD02040,2024-01-22,North,Home,2,78.61,0.01,156.01,100.55,55.46
ORD01644,2024-01-23,West,Sports,2,54.5,0.06,102.47,69.2,33.27
ORD01936,2024-01-23,West,Clothing,2,45.18,0.01,89.59,47.12,42.47
ORD00039,2024-01-23,North,Clothing,8,36.19,0.05,274.05,160.06,113.99
ORD02048,2024-01-24,North,Grocery,12,27.98,0.02,330.21,175.32,154.89
ORD01665,2024-01-24,North,Home,5,88.85,0.03,432.73,264.2,168.53
ORD00018,2024-01-24,East,Grocery,8,39.54,0.15,269.52,197.77,71.75
ORD00653,2024-01-25,East,Clothing,1,62.17,0.08,57.33,34.57,22.77
ORD00327,2024-01-25,South,Grocery,7,18.37,0.02,125.48,74.61,50.87
ORD01452,2024-01-25,East,Home,1,114.66,0.11,101.86,69.57,32.29
ORD00587,2024-01-26,East,Electronics,1,202.2,0.16,169.97,102.27,67.7
ORD01542,2024-01-26,East,Home,7,99.55,0.02,680.87,494.68,186.19
ORD02073,2024-01-26,South,Grocery,11,34.53,0.05,361.53,264.62,96.91
ORD00306,2024-01-27,South,Home,2,72.25,0.06,135.45,85.85,49.6
ORD01527,2024-01-27,South,Clothing,2,46.87,0.02,91.47,60.35,31.13
ORD01086,2024-01-28,North,Home,4,95.23,0.14,329.45,248.31,81.14
ORD01773,2024-01-28,North,Grocery,8,19.51,0.18,128.32,92.82,35.49
ORD00305,2024-01-28,West,Home,2,84.97,0.06,158.91,120.56,38.35
ORD00146,2024-01-28,East,Sports,2,74.11,0.1,134.03,79.74,54.29
ORD02012,2024-01-28,East,Clothing,4,54.53,0.02,214.6,139.17,75.42
ORD01625,2024-01-28,North,Electronics,1,121.84,0.05,115.22,82.66,32.56
ORD00092,2024-01-28,West,Grocery,10,29.62,0.11,264.34,202.78,61.56
ORD01244,2024-01-29,South,Grocery,13,15.99,0.09,189.43,118.61,70.81
ORD00501,2024-01-29,West,Home,1,95.02,0.02,92.72,62.39,30.33
ORD01427,2024-01-29,East,Home,3,84.17,0.1,227.58,140.3,87.28
ORD02064,2024-01-30,North,Home,4,89.18,0.1,320.47,232.26,88.21
ORD01830,2024-01-30,East,Home,5,43.93,0.03,212.72,130.2,82.52
ORD00511,2024-01-30,South,Grocery,10,24.11,0.02,236.86,143.98,92.88
ORD02034,2024-01-30,East,Electronics,1,144.52,0.11,128.12,97.78,30.34
ORD01957,2024-01-31,South,Grocery,12,21.87,0.06,246.79,169.0,77.79
ORD01733,2024-01-31,South,Clothing,6,60.53,0.12,320.9,182.88,138.02
ORD00953,2024-01-31,South,Sports,1,83.63,0.06,78.4,56.44,21.96
ORD01320,2024-02-01,West,Sports,1,83.33,0.08,76.34,43.92,32.42
ORD01073,2024-02-01,South,Grocery,8,19.52,0.09,141.47,83.33,58.15
ORD01685,2024-02-02,West,Home,1,106.32,0.07,99.03,57.13,41.89
ORD00425,2024-02-03,East,Sports,1,69.17,0.13,60.47,37.46,23.01
ORD00515,2024-02-03,North,Sports,4,62.11,0.07,231.44,138.42,93.02
ORD01848,2024-02-04,South,Grocery,9,34.44,0.07,288.02,166.6,121.42
ORD00491,2024-02-04,East,Grocery,5,21.09,0.05,99.97,58.78,41.19
ORD01180,2024-02-04,West,Electronics,1,140.0,0.02,137.77,97.74,40.04
ORD02134,2024-02-05,East,Grocery,9,14.01,0.17,104.91,54.98,49.93
ORD00789,2024-02-05,South,Clothing,4,48.8,0.04,186.62,109.99,76.62
ORD00747,2024-02-05,North,Electronics,1,181.36,0.04,174.19,113.3,60.89
ORD01586,2024-02-05,South,Home,4,72.9,0.08,268.65,192.06,76.59
ORD02157,2024-02-06,East,Clothing,2,55.56,0.07,103.47,68.61,34.86
ORD00218,2024-02-06,South,Grocery,8,25.38,0.09,184.58,116.86,67.72
ORD00132,2024-02-06,South,Grocery,7,22.49,0.02,153.63,91.59,62.04
ORD02141,2024-02-06,North,Home,4,95.82,0.09,347.06,218.91,128.14
ORD01840,2024-02-06,South,Home,3,84.64,0.07,235.68,129.36,106.31
ORD00496,2024-02-07,South,Home,1,60.14,0.03,58.62,39.59,19.03
ORD01276,2024-02-07,North,Home,1,78.53,0.04,75.03,56.76,18.27
ORD00829,2024-02-08,West,Grocery,14,25.64,0.05,340.78,178.17,162.61
ORD00330,2024-02-08,South,Grocery,6,30.08,0.02,176.21,128.26,47.95
ORD02002,2024-02-08,South,Sports,1,74.73,0.05,70.7,50.37,20.33
ORD01333,2024-02-09,East,Clothing,2,48.3,0.01,95.48,63.73,31.75
ORD00475,2024-02-09,South,Clothing,2,52.88,0.1,94.67,50.23,44.44
ORD00145,2024-02-10,East,Grocery,7,28.7,0.02,196.48,102.39,94.09
ORD01838,2024-02-10,North,Home,4,97.86,0.05,373.21,228.92,144.29
ORD00089,2024-02-10,East,Grocery,13,26.93,0.04,337.22,226.47,110.75
ORD00413,2024-02-10,East,Home,4,86.73,0.07,321.54,237.95,83.59
ORD02041,2024-02-10,North,Electronics,5,148.77,0.03,718.14,383.8,334.34
ORD01287,2024-02-11,East,Sports,1,82.07,0.08,75.53,56.82,18.71
ORD00971,2024-02-11,West,Electronics,2,214.42,0.06,401.73,256.39,145.34
ORD01080,2024-02-11,South,Sports,1,99.52,0.04,95.55,62.92,32.63
ORD00111,2024-02-11,East,Clothing,3,51.95,0.15,131.96,85.67,46.29
ORD02177,2024-02-12,South,Sports,8,90.45,0.09,657.25,501.45,155.81
ORD00746,2024-02-12,South,Electronics,1,159.14,0.04,152.58,117.36,35.22
ORD01162,2024-02-12,North,Grocery,10,23.72,0.06,222.5,172.42,50.08
ORD00957,2024-02-12,West,Home,2,91.47,0.06,172.87,132.46,40.41
ORD01169,2024-02-12,East,Home,3,93.19,0.02,273.63,152.4,121.23
ORD00813,2024-02-13,South,Grocery,12,28.59,0.05,324.73,176.09,148.64
ORD02173,2024-02-13,North,Electronics,2,150.53,0.01,296.94,160.44,136.51
ORD00140,2024-02-13,East,Home,3,82.96,0.02,243.29,136.6,106.69
ORD00441,2024-02-14,South,Clothing,2,55.47,0.1,99.84,52.07,47.78
ORD01143,2024-02-14,South,Grocery,8,22.42,0.08,165.79,114.42,51.37
ORD01633,2024-02-14,West,Home,4,86.77,0.02,339.26,213.77,125.48
ORD00828,2024-02-15,West,Grocery,11,17.58,0.04,186.58,129.61,56.97
ORD00325,2024-02-15,North,Electronics,3,232.28,0.04,670.68,415.81,254.87
ORD01370,2024-02-15,East,Grocery,7,26.24,0.0,183.36,132.08,51.28
ORD00212,2024-02-15,South,Home,5,69.55,0.18,284.96,175.35,109.61
ORD01389,2024-02-16,East,Clothing,3,54.09,0.09,148.43,104.76,43.67
ORD00634,2024-02-16,North,Home,5,62.53,0.15,266.28,184.13,82.15
ORD01548,2024-02-17,West,Grocery,7,27.01,0.11,167.93,97.34,70.59
ORD00522,2024-02-17,East,Grocery,6,31.46,0.09,171.96,107.98,63.98
ORD01415,2024-02-17,North,Sports,2,56.21,0.12,99.35,71.84,27.51
ORD01322,2024-02-17,South,Grocery,3,19.22,0.01,57.12,39.53,17.59
ORD01166,2024-02-18,West,Electronics,3,93.45,0.06,262.25,137.32,124.92
ORD01289,2024-02-18,East,Home,4,103.1,0.05,390.37,205.38,184.99
ORD01719,2024-02-18,West,Home,4,114.53,0.03,443.39,267.56,175.83
ORD00613,2024-02-18,North,Home,4,80.06,0.02,312.76,213.12,99.64
ORD01432,2024-02-19,East,Sports,5,66.44,0.07,307.92,208.69,99.22
ORD01422,2024-02-19,West,Grocery,7,40.66,0.02,278.09,198.41,79.68
ORD00380,2024-02-19,South,Clothing,4,56.0,0.04,215.53,125.01,90.52
ORD00877,2024-02-20,East,Home,4,90.2,0.04,347.67,193.96,153.71
ORD00204,2024-02-20,South,Home,2,67.77,0.13,118.36,88.68,29.68
ORD00223,2024-02-21,West,Electronics,3,205.13,0.05,583.87,371.83,212.04
ORD00906,2024-02-21,West,Grocery,6,18.11,0.12,96.16,68.22,27.93
ORD00252,2024-02-22,East,Sports,4,77.48,0.07,289.15,175.28,113.87
ORD00409,2024-02-22,East,Clothing,5,37.92,0.02,185.09,99.16,85.93
ORD01170,2024-02-22,West,Grocery,5,17.1,0.12,75.06,49.72,25.34
ORD02125,2024-02-22,South,Grocery,11,19.66,0.2,173.64,112.72,60.92
ORD01021,2024-02-23,West,Sports,4,47.88,0.09,175.04,128.71,46.33
ORD00065,2024-02-23,West,Home,1,55.1,0.01,54.63,33.79,20.85
ORD00366,2024-02-23,West,Grocery,2,22.53,0.07,42.05,25.34,16.71
ORD01871,2024-02-24,South,Electronics,1,219.3,0.11,194.35,138.24,56.11
ORD01449,2024-02-24,North,Home,5,94.8,0.05,450.4,326.45,123.94
ORD00758,2024-02-25,North,Electronics,1,228.34,0.07,211.28,154.66,56.62
ORD00244,2024-02-25,North,Grocery,12,29.51,0.04,340.02,186.29,153.73
ORD00345,2024-02-25,North,Home,3,88.54,0.11,236.75,184.35,52.4
ORD00710,2024-02-25,South,Sports,4,72.36,0.13,251.8,142.42,109.38
ORD01560,2024-02-25,West,Grocery,8,20.88,0.1,151.02,84.71,66.32
ORD01020,2024-02-25,East,Sports,1,66.4,0.15,56.28,37.52,18.76
ORD00560,2024-02-25,South,Grocery,5,37.68,0.09,170.72,123.34,47.38
ORD00219,2024-02-26,South,Home,4,90.2,0.13,314.97,186.73,128.24
ORD00665,2024-02-27,West,Home,3,87.72,0.02,258.58,194.48,64.1
ORD01776,2024-02-28,East,Sports,7,75.1,0.04,503.61,374.96,128.66
ORD00935,2024-02-28,North,Home,1,78.14,0.03,76.0,46.87,29.13
ORD01628,2024-02-28,East,Home,1,50.75,0.09,46.21,25.88,20.33
ORD01290,2024-02-28,East,Electronics,4,188.29,0.1,677.31,440.69,236.62
ORD00959,2024-02-28,South,Clothing,4,64.85,0.02,253.64,191.27,62.37
ORD00988,2024-02-28,West,Home,2,136.77,0.03,264.1,190.72,73.38
ORD01790,2024-02-29,West,Sports,2,92.04,0.06,172.69,113.24,59.45
ORD00985,2024-02-29,West,Grocery,6,27.14,0.03,158.04,121.35,36.69
ORD01514,2024-02-29,West,Sports,3,101.95,0.09,278.92,145.16,133.76
ORD01563,2024-02-29,West,Clothing,9,80.04,0.06,680.69,509.8,170.88
ORD01855,2024-03-01,West,Sports,6,76.39,0.12,403.94,276.05,127.89
ORD01461,2024-03-01,West,Home,4,61.99,0.06,233.1,166.66,66.44
ORD01721,2024-03-01,South,Grocery,10,31.86,0.07,295.37,223.31,72.07
ORD00213,2024-03-01,East,Sports,5,62.04,0.07,287.56,161.61,125.95
ORD00078,2024-03-01,North,Home,4,71.81,0.02,282.84,216.86,65.99
ORD01891,2024-03-02,West,Clothing,4,69.96,0.02,272.89,147.19,125.71
ORD02147,2024-03-02,North,Home,1,73.75,0.02,72.54,51.19,21.35
ORD00234,2024-03-02,North,Clothing,6,51.32,0.09,281.65,169.44,112.21
ORD00032,2024-03-03,North,Grocery,8,19.81,0.06,148.47,105.32,43.15
ORD02179,2024-03-03,South,Sports,1,61.17,0.05,58.09,43.49,14.6
ORD01708,2024-03-03,East,Grocery,9,17.18,0.15,130.73,89.53,41.2
ORD00156,2024-03-03,East,Electronics,1,159.8,0.11,142.9,94.6,48.3
ORD01900,2024-03-04,East,Home,5,82.59,0.05,391.72,210.93,180.8
ORD01119,2024-03-04,North,Grocery,11,21.51,0.07,219.14,129.76,89.38
ORD02051,2024-03-04,East,Grocery,5,22.73,0.13,99.35,55.63,43.72
ORD02027,2024-03-04,West,Grocery,9,17.5,0.16,132.73,98.15,34.58
ORD01416,2024-03-05,East,Grocery,8,26.16,0.04,200.99,153.78,47.22
ORD01148,2024-03-05,North,Clothing,5,68.51,0.04,327.64,173.66,153.98
ORD01366,2024-03-05,East,Grocery,4,34.2,0.02,133.52,83.05,50.46
ORD01410,2024-03-06,North,Sports,5,89.67,0.06,423.5,273.13,150.37
ORD01165,2024-03-06,North,Home,4,80.53,0.04,307.92,210.04,97.88
ORD01982,2024-03-06,North,Home,4,109.14,0.1,393.39,276.57,116.82
ORD00393,2024-03-06,North,Grocery,10,18.84,0.12,165.6,118.5,47.11
ORD00842,2024-03-06,South,Electronics,3,278.64,0.04,798.75,614.07,184.68
ORD00855,2024-03-06,West,Home,2,56.45,0.11,100.93,55.85,45.08
ORD01797,2024-03-07,North,Home,2,85.46,0.04,163.9,117.24,46.66
ORD00929,2024-03-07,West,Grocery,14,23.11,0.22,252.96,159.55,93.41
ORD01134,2024-03-07,North,Grocery,8,29.17,0.01,230.18,120.49,109.68
ORD00895,2024-03-07,West,Grocery,7,30.48,0.03,206.82,148.43,58.39
ORD00169,2024-03-08,West,Grocery,13,31.57,0.01,405.16,281.94,123.22
ORD00115,2024-03-08,East,Home,5,124.13,0.03,598.97,401.74,197.23
ORD00435,2024-03-08,East,Home,4,62.33,0.11,222.06,161.36,60.69
ORD02010,2024-03-08,East,Grocery,9,26.23,0.09,215.37,161.03,54.35
ORD02188,2024-03-08,East,Clothing,6,50.49,0.1,272.17,185.78,86.39
ORD01540,2024-03-08,East,Sports,4,59.67,0.08,218.67,166.52,52.16
ORD02038,2024-03-08,North,Grocery,7,25.17,0.04,168.84,111.53,57.31
ORD02191,2024-03-09,East,Grocery,7,15.81,0.02,108.29,81.47,26.82
ORD00421,2024-03-09,West,Sports,4,96.53,0.16,325.64,179.82,145.82
ORD02094,2024-03-09,South,Home,2,101.53,0.08,186.08,97.62,88.46
ORD01349,2024-03-09,South,Grocery,8,28.38,0.01,224.43,155.59,68.84
ORD01939,2024-03-10,East,Electronics,2,224.73,0.07,419.06,254.66,164.4
ORD01566,2024-03-10,West,Clothing,1,53.88,0.05,51.09,33.14,17.95
ORD01492,2024-03-10,East,Electronics,3,120.52,0.05,341.9,231.65,110.25
ORD01869,2024-03-11,West,Clothing,5,55.54,0.06,262.0,192.18,69.82
ORD00926,2024-03-11,North,Sports,1,73.44,0.01,72.85,55.76,17.09
ORD01828,2024-03-12,West,Sports,4,79.04,0.06,296.57,213.28,83.29
ORD00392,2024-03-12,South,Sports,5,114.88,0.04,549.74,407.05,142.69
ORD00059,2024-03-12,West,Sports,1,86.89,0.06,81.64,62.17,19.46
ORD00460,2024-03-12,North,Sports,4,77.37,0.05,293.45,170.9,122.55
ORD01235,2024-03-13,North,Clothing,10,59.78,0.11,531.69,397.77,133.92
ORD01727,2024-03-13,North,Home,2,52.84,0.19,85.76,58.24,27.52
ORD01500,2024-03-13,West,Grocery,6,24.76,0.06,139.61,80.5,59.11
ORD01247,2024-03-13,East,Home,3,92.78,0.08,255.83,156.75,99.08
ORD01508,2024-03-13,North,Home,2,59.5,0.03,114.85,76.94,37.91
ORD00391,2024-03-13,East,Grocery,14,32.63,0.04,438.53,314.39,124.14
ORD01913,2024-03-14,East,Clothing,5,44.54,0.03,216.68,126.91,89.78
ORD00293,2024-03-15,North,Electronics,2,145.3,0.06,274.27,168.75,105.52
ORD01673,2024-03-15,East,Electronics,1,91.28,0.08,83.7,63.12,20.58
ORD01987,2024-03-15,South,Clothing,4,58.81,0.06,222.01,146.44,75.57
ORD01301,2024-03-16,South,Grocery,12,15.42,0.04,178.36,124.56,53.8
ORD01431,2024-03-16,North,Electronics,1,204.24,0.03,197.2,121.26,75.93
ORD01518,2024-03-16,West,Electronics,2,260.8,0.04,499.25,360.53,138.72
ORD00038,2024-03-16,South,Grocery,11,16.64,0.13,159.68,86.11,73.57
ORD01597,2024-03-16,South,Grocery,9,27.75,0.04,240.41,138.85,101.57
ORD02172,2024-03-16,South,Electronics,1,184.81,0.1,165.64,119.35,46.3
ORD01050,2024-03-16,South,Home,6,75.96,0.19,371.12,218.62,152.5
ORD01183,2024-03-16,East,Home,1,59.86,0.0,59.63,35.94,23.69
ORD01367,2024-03-17,East,Clothing,4,25.24,0.12,89.16,67.55,21.61
ORD00601,2024-03-17,West,Clothing,1,51.11,0.14,44.2,32.04,12.16
ORD02018,2024-03-17,East,Home,3,76.22,0.05,216.27,150.79,65.48
ORD01455,2024-03-17,East,Sports,3,78.09,0.06,220.31,151.93,68.38
ORD01444,2024-03-18,South,Clothing,10,38.75,0.05,369.66,229.91,139.75
ORD01521,2024-03-18,West,Grocery,5,23.21,0.09,106.07,61.86,44.21
ORD01766,2024-03-18,East,Clothing,8,41.89,0.07,312.62,173.19,139.43
ORD01598,2024-03-18,West,Grocery,6,23.05,0.1,123.84,75.42,48.42
ORD00912,2024-03-18,East,Grocery,8,21.06,0.02,165.56,92.76,72.81
ORD01831,2024-03-19,South,Home,2,97.66,0.04,186.76,109.06,77.7
ORD00714,2024-03-19,East,Electronics,3,202.26,0.14,522.08,379.98,142.1
ORD01135,2024-03-20,West,Sports,1,55.19,0.17,45.87,32.29,13.57
ORD00936,2024-03-20,East,Grocery,9,22.15,0.0,198.83,132.86,65.97
ORD01446,2024-03-20,West,Electronics,1,151.7,0.06,142.02,98.77,43.24
ORD00619,2024-03-20,South,Grocery,12,13.36,0.09,146.28,81.68,64.59
ORD00284,2024-03-21,North,Clothing,2,71.46,0.07,133.25,77.63,55.62
ORD01070,2024-03-21,North,Sports,4,90.16,0.11,321.82,201.99,119.83
ORD01612,2024-03-21,South,Clothing,4,70.45,0.06,263.96,187.14,76.82
ORD00387,2024-03-22,North,Grocery,6,30.79,0.04,178.07,117.04,61.04
ORD00856,2024-03-22,North,Home,2,81.91,0.09,149.39,90.52,58.87
ORD00924,2024-03-22,North,Electronics,1,279.99,0.01,276.6,172.09,104.5
ORD01750,2024-03-22,North,Electronics,2,228.66,0.07,424.19,301.6,122.58
ORD01650,2024-03-23,East,Electronics,2,168.17,0.02,329.39,227.16,102.23
ORD00379,2024-03-23,West,Clothing,4,50.89,0.06,191.69,141.97,49.72
ORD01045,2024-03-24,West,Electronics,3,213.75,0.05,609.6,360.67,248.92
ORD00182,2024-03-24,West,Electronics,1,185.1,0.01,182.47,108.99,73.48
ORD00178,2024-03-24,South,Clothing,4,46.4,0.11,164.67,104.39,60.27
ORD00673,2024-03-25,North,Home,3,96.71,0.21,228.89,140.1,88.79
ORD00703,2024-03-25,North,Electronics,2,185.13,0.07,345.35,188.3,157.05
ORD01978,2024-03-26,North,Grocery,5,28.47,0.19,114.62,71.59,43.04
ORD00074,2024-03-26,East,Home,3,85.37,0.03,247.73,147.94,99.79
ORD01032,2024-03-26,North,Electronics,1,251.54,0.14,217.45,130.82,86.64
ORD01937,2024-03-27,West,Clothing,1,39.98,0.15,33.92,23.18,10.74
ORD00194,2024-03-27,East,Grocery,4,19.62,0.08,71.84,49.12,22.72
ORD02139,2024-03-28,East,Clothing,4,68.79,0.05,261.34,172.07,89.27
ORD01082,2024-03-28,East,Sports,5,104.26,0.08,480.26,368.43,111.83
ORD01919,2024-03-28,West,Electronics,1,102.51,0.06,96.47,55.6,40.87
ORD00490,2024-03-28,East,Home,4,107.84,0.04,412.52,304.78,107.75
ORD01877,2024-03-29,East,Electronics,2,147.16,0.14,253.55,166.83,86.72
ORD01309,2024-03-29,East,Clothing,4,20.19,0.05,76.84,47.78,29.06
ORD00152,2024-03-29,West,Grocery,5,28.53,0.12,125.61,80.9,44.71
ORD00416,2024-03-31,North,Sports,3,94.06,0.03,272.5,194.46,78.04
ORD00882,2024-04-01,East,Electronics,3,254.08,0.07,707.54,519.83,187.71
ORD02095,2024-04-01,North,Electronics,1,217.36,0.06,204.34,124.89,79.44
ORD00128,2024-04-01,South,Clothing,4,49.54,0.04,189.47,110.74,78.73
ORD00863,2024-04-02,East,Sports,2,77.3,0.08,142.45,87.5,54.95
ORD00313,2024-04-03,West,Electronics,2,146.69,0.05,277.5,203.27,74.22
ORD01026,2024-04-03,East,Electronics,4,141.25,0.13,494.15,321.3,172.86
ORD00229,2024-04-03,East,Electronics,2,147.26,0.13,255.57,137.87,117.69
ORD01884,2024-04-03,North,Clothing,4,71.53,0.15,244.42,185.61,58.82
ORD00925,2024-04-03,South,Electronics,1,142.1,0.11,126.11,73.55,52.56
ORD00794,2024-04-03,North,Grocery,5,16.76,0.15,71.21,42.19,29.03
ORD00336,2024-04-04,North,Electronics,1,215.24,0.05,203.59,122.94,80.65
ORD01536,2024-04-04,West,Grocery,9,14.62,0.09,120.16,91.62,28.54
ORD01791,2024-04-04,South,Electronics,1,165.43,0.03,161.11,107.44,53.68
ORD02169,2024-04-04,East,Electronics,2,231.19,0.01,459.64,288.96,170.68
ORD00054,2024-04-05,East,Home,1,76.42,0.05,72.46,44.81,27.66
ORD01794,2024-04-05,West,Grocery,5,20.3,0.03,98.86,58.19,40.67
ORD01145,2024-04-05,East,Grocery,9,45.0,0.08,373.85,276.66,97.19
ORD01340,2024-04-06,East,Grocery,13,29.78,0.1,350.23,200.32,149.91
ORD00206,2024-04-06,West,Electronics,1,180.79,0.04,173.09,112.42,60.67
ORD00155,2024-04-06,South,Home,6,45.81,0.1,248.71,193.96,54.75
ORD00322,2024-04-06,West,Clothing,6,70.89,0.02,415.85,280.94,134.9
ORD00081,2024-04-07,East,Grocery,9,27.79,0.12,218.96,117.64,101.32
ORD01377,2024-04-07,West,Home,8,112.75,0.14,779.53,416.72,362.81
ORD01587,2024-04-08,West,Clothing,7,78.99,0.07,516.44,359.62,156.82
ORD01354,2024-04-08,South,Electronics,1,229.08,0.1,205.73,138.85,66.87
ORD00497,2024-04-08,South,Sports,4,72.33,0.03,281.95,165.41,116.54
ORD01291,2024-04-08,North,Home,4,88.19,0.06,332.02,232.7,99.32
ORD00102,2024-04-08,South,Home,8,94.34,0.01,750.58,487.21,263.37
ORD01795,2024-04-09,South,Grocery,7,22.03,0.05,146.41,76.63,69.78
ORD01406,2024-04-09,South,Electronics,1,258.1,0.04,248.67,180.23,68.44
ORD00596,2024-04-10,West,Home,2,98.93,0.14,170.13,91.38,78.75
ORD01683,2024-04-11,South,Grocery,9,28.15,0.07,235.59,144.44,91.15
ORD00937,2024-04-11,West,Home,5,75.98,0.1,342.7,216.1,126.61
ORD01128,2024-04-11,West,Home,2,132.93,0.1,238.06,157.76,80.3
ORD00557,2024-04-11,South,Electronics,1,146.09,0.02,143.55,101.35,42.19
ORD00056,2024-04-12,South,Home,6,88.49,0.04,508.44,270.65,237.79
ORD00981,2024-04-12,South,Clothing,2,46.85,0.04,90.35,58.75,31.6
ORD00177,2024-04-12,West,Home,2,97.64,0.04,186.7,116.04,70.66
ORD01498,2024-04-13,South,Sports,9,103.86,0.03,906.65,551.36,355.29
ORD00158,2024-04-13,West,Grocery,7,20.95,0.15,125.33,74.7,50.63
ORD00050,2024-04-13,East,Grocery,6,33.89,0.09,185.19,125.69,59.5
ORD01857,2024-04-13,South,Clothing,5,40.82,0.11,181.94,120.22,61.72
ORD00585,2024-04-13,South,Home,4,114.69,0.12,405.92,249.14,156.78
ORD01124,2024-04-14,East,Grocery,10,24.94,0.1,223.44,143.85,79.58
ORD00375,2024-04-14,North,Electronics,5,154.8,0.13,670.08,367.73,302.35
ORD02004,2024-04-14,South,Clothing,3,60.01,0.13,156.4,88.31,68.09
ORD00003,2024-04-14,West,Electronics,1,154.05,0.1,138.64,90.07,48.57
ORD01293,2024-04-15,North,Grocery,10,17.29,0.08,159.52,119.96,39.57
ORD01975,2024-04-15,West,Sports,2,64.71,0.03,125.37,96.72,28.65
ORD01261,2024-04-15,South,Grocery,9,19.77,0.06,166.51,95.49,71.02
ORD00695,2024-04-15,West,Home,4,102.67,0.15,348.69,227.97,120.73
ORD00504,2024-04-15,East,Home,1,34.3,0.04,32.86,18.54,14.32
ORD00307,2024-04-17,South,Clothing,3,60.22,0.11,161.59,98.3,63.29
ORD01158,2024-04-17,West,Clothing,4,58.12,0.01,229.85,172.92,56.93
ORD00712,2024-04-17,North,Grocery,9,30.09,0.08,248.99,141.33,107.66
ORD01744,2024-04-18,East,Home,3,104.18,0.13,272.4,152.67,119.73
ORD00958,2024-04-18,South,Grocery,11,34.32,0.02,371.04,200.75,170.29
ORD00666,2024-04-19,North,Grocery,7,24.4,0.0,169.99,90.37,79.63
ORD01822,2024-04-19,West,Sports,6,45.42,0.13,236.96,152.49,84.46
ORD01015,2024-04-19,South,Clothing,5,73.57,0.03,356.09,252.07,104.02
ORD01615,2024-04-19,West,Grocery,8,25.91,0.05,197.32,135.13,62.18
ORD00216,2024-04-20,North,Home,5,67.19,0.11,300.2,212.91,87.28
ORD01910,2024-04-20,North,Electronics,2,158.36,0.09,286.82,190.65,96.17
ORD00578,2024-04-21,North,Grocery,8,27.72,0.07,206.69,138.09,68.61
ORD00370,2024-04-21,East,Grocery,12,11.24,0.05,127.84,67.69,60.14
ORD00249,2024-04-22,East,Clothing,1,63.11,0.18,51.78,29.08,22.69
ORD00374,2024-04-23,South,Grocery,8,36.33,0.06,273.58,198.58,75.01
ORD00837,2024-04-23,South,Electronics,1,224.66,0.13,196.58,138.7,57.88
ORD00396,2024-04-23,West,Grocery,7,15.59,0.04,104.38,58.2,46.18
ORD02193,2024-04-24,North,Grocery,10,25.68,0.12,227.16,127.07,100.09
ORD00029,2024-04-24,South,Home,2,55.04,0.05,104.6,65.36,39.24
ORD01519,2024-04-25,East,Grocery,7,22.9,0.05,152.67,107.94,44.73
ORD01307,2024-04-25,East,Electronics,4,109.78,0.1,396.71,214.78,181.93
ORD00832,2024-04-25,North,Grocery,5,18.42,0.1,82.49,47.46,35.03
ORD01234,2024-04-25,North,Home,4,85.66,0.06,321.52,249.99,71.53
ORD01541,2024-04-25,East,Electronics,2,168.73,0.04,324.44,195.54,128.9
ORD00331,2024-04-26,North,Clothing,1,51.87,0.05,49.22,37.01,12.21
ORD01550,2024-04-26,South,Home,2,105.18,0.13,182.62,122.04,60.58
ORD01522,2024-04-27,West,Sports,3,94.94,0.0,283.67,209.46,74.22
ORD00776,2024-04-27,West,Clothing,5,46.43,0.07,215.91,159.09,56.82
ORD01812,2024-04-28,East,Electronics,1,218.08,0.06,203.99,120.42,83.57
ORD02081,2024-04-28,West,Clothing,3,74.75,0.16,187.65,107.85,79.8
ORD01711,2024-04-28,North,Sports,3,70.18,0.12,186.04,131.19,54.85
ORD01660,2024-04-29,South,Grocery,5,18.54,0.04,89.36,62.55,26.81
ORD01363,2024-04-29,East,Clothing,3,63.19,0.06,178.35,107.13,71.22
ORD01588,2024-04-29,East,Electronics,1,182.77,0.01,181.08,111.6,69.48
ORD00904,2024-04-29,South,Home,2,78.61,0.09,142.57,109.29,33.28
ORD00729,2024-04-30,East,Clothing,7,31.4,0.04,211.23,132.84,78.39
ORD00199,2024-04-30,East,Grocery,6,36.13,0.03,210.75,148.65,62.1
ORD00334,2024-04-30,East,Home,3,95.82,0.12,251.55,157.92,93.63
ORD01407,2024-04-30,North,Home,3,78.04,0.03,228.26,118.82,109.44
ORD00785,2024-04-30,West,Electronics,2,251.61,0.05,476.29,275.71,200.58
ORD00833,2024-05-01,East,Home,1,116.89,0.12,103.21,66.36,36.86
ORD00452,2024-05-01,West,Grocery,10,26.38,0.05,251.54,151.34,100.2
ORD00570,2024-05-01,West,Electronics,1,161.53,0.06,151.44,115.66,35.78
ORD00752,2024-05-01,North,Electronics,1,188.24,0.07,175.56,100.23,75.34
ORD01400,2024-05-01,West,Electronics,3,205.95,0.08,570.2,301.73,268.47
ORD00892,2024-05-02,South,Electronics,1,230.93,0.05,220.49,159.47,61.02
ORD01490,2024-05-02,East,Sports,7,75.12,0.15,445.64,342.86,102.78
ORD00377,2024-05-03,North,Grocery,3,15.93,0.07,44.49,26.24,18.25
ORD01280,2024-05-03,South,Clothing,7,55.09,0.08,356.22,216.34,139.87
ORD00598,2024-05-04,West,Home,4,74.11,0.05,281.01,154.38,126.62
ORD01716,2024-05-04,East,Electronics,1,109.71,0.07,101.53,71.27,30.26
ORD01520,2024-05-05,South,Electronics,3,220.26,0.08,606.99,430.34,176.65
ORD01575,2024-05-05,South,Electronics,2,187.45,0.04,360.5,246.19,114.31
ORD01380,2024-05-05,North,Grocery,10,17.59,0.05,167.73,96.33,71.4
ORD01976,2024-05-06,North,Grocery,11,16.51,0.01,180.11,137.13,42.98
ORD02168,2024-05-06,East,Grocery,7,37.26,0.22,203.77,143.02,60.75
ORD00161,2024-05-07,East,Home,3,76.37,0.03,223.3,167.95,55.36
ORD01903,2024-05-07,North,Grocery,18,24.51,0.14,380.87,233.95,146.92
ORD00998,2024-05-07,East,Electronics,2,204.53,0.1,369.7,207.98,161.72
ORD00870,2024-05-07,West,Grocery,5,23.44,0.03,113.61,78.87,34.75
ORD01233,2024-05-07,West,Grocery,9,18.1,0.05,154.4,85.48,68.91
ORD00203,2024-05-07,South,Sports,4,64.42,0.06,242.9,157.7,85.2
ORD01098,2024-05-08,South,Clothing,2,25.21,0.11,45.05,33.52,11.53
ORD01742,2024-05-08,North,Electronics,1,226.16,0.13,196.56,129.45,67.12
ORD01859,2024-05-08,East,Sports,9,60.66,0.08,503.94,364.04,139.89
ORD00573,2024-05-08,West,Home,4,55.5,0.02,218.51,138.13,80.38
ORD01517,2024-05-08,South,Grocery,14,11.41,0.06,150.6,106.96,43.65
ORD01627,2024-05-09,East,Electronics,2,135.81,0.0,270.28,162.16,108.12
ORD01802,2024-05-09,West,Electronics,1,123.08,0.05,117.4,76.83,40.58
ORD00104,2024-05-09,South,Clothing,5,47.52,0.12,209.41,135.66,73.75
ORD01558,2024-05-09,West,Clothing,5,57.27,0.02,280.73,195.48,85.25
ORD00107,2024-05-10,North,Clothing,1,64.13,0.04,61.42,43.27,18.15
ORD00600,2024-05-10,North,Home,5,95.46,0.12,419.64,262.43,157.21
ORD00304,2024-05-10,West,Grocery,11,33.71,0.02,365.02,249.81,115.21
ORD01617,2024-05-11,West,Electronics,4,233.29,0.02,911.32,658.89,252.44
ORD00669,2024-05-11,East,Grocery,1,30.97,0.09,28.05,19.74,8.3
ORD00154,2024-05-11,South,Grocery,4,31.38,0.04,120.11,65.27,54.84
ORD00231,2024-05-11,South,Sports,5,94.15,0.08,434.75,319.24,115.51
ORD01925,2024-05-12,East,Clothing,4,73.66,0.06,276.06,185.66,90.4
ORD01585,2024-05-12,North,Electronics,2,155.45,0.06,290.78,194.01,96.78
ORD00699,2024-05-12,East,Sports,5,46.24,0.01,229.28,129.05,100.23
ORD01458,2024-05-12,South,Grocery,6,28.4,0.05,162.11,117.86,44.26
ORD00793,2024-05-12,North,Electronics,5,166.65,0.13,723.27,467.59,255.68
ORD00726,2024-05-13,West,Electronics,3,209.22,0.05,595.87,441.99,153.88
ORD01412,2024-05-13,North,Grocery,6,25.18,0.07,140.09,86.8,53.29
ORD00341,2024-05-13,South,Sports,5,80.52,0.08,369.51,252.23,117.27
ORD00627,2024-05-13,North,Sports,2,56.71,0.09,102.93,74.96,27.97
ORD01717,2024-05-15,North,Clothing,7,46.88,0.16,275.62,166.03,109.59
ORD01594,2024-05-15,West,Home,3,69.8,0.03,202.16,145.45,56.71
ORD01440,2024-05-15,West,Grocery,9,26.32,0.17,197.75,114.29,83.46
ORD01879,2024-05-15,South,Grocery,10,26.21,0.03,253.66,197.07,56.59
ORD00150,2024-05-17,North,Clothing,4,91.74,0.07,343.02,263.46,79.56
ORD00791,2024-05-17,North,Home,3,114.52,0.2,274.31,198.58,75.73
ORD00780,2024-05-18,South,Clothing,6,54.4,0.12,286.96,183.73,103.23
ORD01321,2024-05-18,East,Home,4,111.61,0.14,382.35,216.96,165.39
ORD01640,2024-05-18,West,Home,3,78.35,0.02,230.28,142.3,87.98
ORD01209,2024-05-18,South,Electronics,1,138.93,0.06,131.17,70.59,60.57
ORD01881,2024-05-18,South,Clothing,7,68.26,0.03,465.15,349.28,115.88
ORD00966,2024-05-19,North,Clothing,4,39.5,0.02,154.3,115.33,38.97
ORD00651,2024-05-20,East,Clothing,4,67.4,0.01,265.79,139.04,126.76
ORD00530,2024-05-20,West,Grocery,6,17.42,0.12,91.81,58.12,33.69
ORD00015,2024-05-21,West,Grocery,4,23.86,0.06,89.39,50.05,39.34
ORD01574,2024-05-21,West,Electronics,3,166.15,0.05,472.09,255.39,216.7
ORD01218,2024-05-22,West,Grocery,9,27.38,0.11,218.16,167.99,50.17
ORD01273,2024-05-22,South,Electronics,2,195.34,0.07,364.68,260.57,104.11
ORD01005,2024-05-22,North,Grocery,11,33.91,0.04,358.79,208.27,150.52
ORD01972,2024-05-22,East,Grocery,7,22.72,0.01,156.76,87.51,69.25
ORD01368,2024-05-23,West,Home,3,44.06,0.14,114.08,81.15,32.93
ORD01053,2024-05-23,East,Grocery,5,14.99,0.05,71.19,48.27,22.91
ORD01700,2024-05-23,East,Clothing,5,64.04,0.18,263.95,139.51,124.44
ORD00513,2024-05-23,North,Home,4,82.21,0.12,290.2,156.6,133.6
ORD01591,2024-05-23,East,Home,4,71.37,0.11,254.36,137.4,116.96
ORD01843,2024-05-23,East,Home,1,48.47,0.13,42.2,31.76,10.44
ORD00990,2024-05-24,West,Sports,5,92.18,0.04,444.18,272.48,171.69
ORD02085,2024-05-24,West,Home,6,85.98,0.11,458.07,339.07,119.0
ORD02078,2024-05-24,West,Clothing,1,73.55,0.06,69.2,38.88,30.32
ORD01811,2024-05-25,East,Electronics,2,211.87,0.02,415.4,322.03,93.37
ORD01953,2024-05-25,East,Home,4,102.86,0.04,393.85,232.34,161.51
ORD01839,2024-05-25,West,Grocery,4,20.62,0.09,75.04,47.86,27.17
ORD00928,2024-05-25,East,Clothing,4,51.45,0.02,202.05,148.85,53.2
ORD02151,2024-05-26,East,Grocery,9,18.57,0.02,163.57,104.64,58.93
ORD00130,2024-05-26,East,Electronics,5,179.95,0.0,897.02,481.92,415.09
ORD00063,2024-05-26,North,Grocery,8,16.38,0.02,127.84,77.87,49.98
ORD00457,2024-05-26,North,Home,7,83.61,0.11,522.22,401.82,120.4
ORD00055,2024-05-26,West,Home,5,46.69,0.05,222.26,159.14,63.13
ORD00565,2024-05-27,East,Electronics,8,278.46,0.05,2117.69,1321.47,796.22
ORD00119,2024-05-27,West,Clothing,4,48.62,0.05,183.84,123.69,60.15
ORD00917,2024-05-27,North,Home,1,99.7,0.06,93.79,63.75,30.04
ORD00609,2024-05-28,East,Grocery,13,35.25,0.02,447.14,293.86,153.27
ORD00283,2024-05-28,North,Grocery,11,26.14,0.13,249.44,131.36,118.07
ORD00517,2024-05-28,South,Electronics,1,204.36,0.11,180.91,122.67,58.25
ORD01819,2024-05-29,West,Sports,2,67.65,0.03,131.47,69.43,62.04
ORD02033,2024-05-29,South,Sports,6,86.45,0.02,510.61,305.49,205.12
ORD00394,2024-05-29,North,Grocery,7,31.72,0.14,190.29,112.51,77.78
ORD01090,2024-05-29,South,Electronics,4,214.46,0.06,810.48,484.17,326.32
ORD00100,2024-05-29,North,Grocery,8,28.95,0.09,210.67,150.82,59.85
ORD00867,2024-05-30,West,Grocery,8,25.56,0.07,190.58,127.49,63.08
ORD00808,2024-05-30,South,Grocery,9,32.83,0.03,285.46,202.94,82.52
ORD01962,2024-05-31,South,Home,2,78.09,0.02,152.87,86.02,66.86
ORD01175,2024-05-31,North,Sports,1,53.97,0.06,50.95,38.08,12.87
ORD00296,2024-06-01,East,Electronics,4,181.76,0.06,681.06,435.46,245.6
ORD01572,2024-06-01,West,Grocery,9,27.99,0.07,233.13,135.64,97.5
ORD02145,2024-06-02,East,Sports,2,73.61,0.1,132.31,99.83,32.48
ORD01328,2024-06-02,East,Home,3,89.0,0.04,256.3,146.84,109.46
ORD00243,2024-06-03,West,Electronics,1,153.16,0.01,152.35,104.89,47.47
ORD02005,2024-06-03,North,Electronics,2,204.4,0.01,402.86,275.01,127.85
ORD01525,2024-06-03,West,Home,4,85.23,0.03,329.01,211.98,117.04
ORD02055,2024-06-03,North,Grocery,12,24.8,0.06,278.45,181.58,96.87
ORD01091,2024-06-03,East,Clothing,5,38.77,0.05,183.94,108.19,75.75
ORD00508,2024-06-03,North,Grocery,5,30.29,0.13,131.5,75.18,56.31
ORD01286,2024-06-04,North,Grocery,7,15.96,0.09,101.92,74.44,27.48
ORD01616,2024-06-04,South,Home,2,123.43,0.12,218.22,150.2,68.03
ORD00311,2024-06-04,East,Grocery,7,20.87,0.01,144.24,102.36,41.88
ORD01434,2024-06-05,West,Sports,4,80.8,0.13,282.21,216.33,65.88
ORD01689,2024-06-05,West,Grocery,5,18.79,0.13,81.72,57.03,24.69
ORD00774,2024-06-05,North,Clothing,3,51.05,0.12,135.29,94.05,41.23
ORD01581,2024-06-05,West,Grocery,7,21.29,0.09,135.77,87.61,48.16
ORD00851,2024-06-05,West,Home,2,88.79,0.01,176.42,103.59,72.83
ORD02083,2024-06-07,East,Home,2,118.33,0.03,229.39,127.24,102.15
ORD00617,2024-06-07,North,Grocery,7,31.56,0.03,213.84,128.16,85.68
ORD00285,2024-06-08,North,Home,3,110.41,0.06,312.49,207.88,104.61
ORD01669,2024-06-08,South,Clothing,1,56.49,0.04,54.12,36.57,17.54
ORD01342,2024-06-08,North,Sports,7,59.76,0.17,348.89,252.21,96.68
ORD00719,2024-06-09,North,Clothing,2,62.35,0.14,107.41,82.78,24.63
ORD00267,2024-06-09,East,Sports,3,62.19,0.08,171.69,103.38,68.31
ORD01223,2024-06-09,West,Home,1,80.31,0.08,74.17,41.87,32.3
ORD01595,2024-06-09,West,Grocery,10,15.94,0.02,156.0,114.1,41.9
ORD01127,2024-06-10,West,Sports,5,93.72,0.05,447.05,324.71,122.34
ORD01507,2024-06-11,West,Grocery,7,13.59,0.01,93.73,69.42,24.31
ORD00568,2024-06-11,East,Clothing,3,62.65,0.05,179.13,104.94,74.19
ORD00623,2024-06-11,North,Home,6,103.65,0.08,570.3,368.43,201.87
ORD01826,2024-06-11,South,Sports,4,55.57,0.03,215.68,163.22,52.46
ORD00026,2024-06-12,North,Electronics,4,214.72,0.11,766.44,533.6,232.84
ORD02143,2024-06-13,East,Home,3,102.51,0.03,299.06,206.36,92.7
ORD02060,2024-06-13,West,Grocery,12,31.78,0.11,340.45,248.74,91.71
ORD01052,2024-06-13,North,Clothing,2,54.31,0.03,104.82,78.83,25.99
ORD01117,2024-06-14,North,Grocery,6,36.6,0.03,212.1,116.45,95.65
ORD01239,2024-06-14,West,Sports,1,60.33,0.13,52.55,34.73,17.82
ORD02074,2024-06-14,West,Sports,2,63.77,0.09,116.24,85.56,30.68
ORD01526,2024-06-14,East,Electronics,4,145.0,0.01,573.53,336.07,237.46
ORD00106,2024-06-14,East,Grocery,11,25.56,0.03,273.08,204.12,68.96
ORD01155,2024-06-14,West,Sports,1,97.09,0.02,94.9,65.23,29.67
ORD01405,2024-06-14,North,Grocery,9,18.99,0.09,155.75,118.32,37.43
ORD01468,2024-06-16,South,Grocery,6,23.62,0.06,132.99,95.14,37.85
ORD01583,2024-06-16,North,Grocery,8,25.74,0.09,187.39,110.45,76.94
ORD00624,2024-06-16,North,Home,3,100.27,0.07,281.04,184.73,96.32
ORD00845,2024-06-17,North,Clothing,1,61.5,0.07,57.34,34.64,22.69
ORD02197,2024-06-17,East,Electronics,2,192.95,0.01,381.65,251.46,130.2
ORD01863,2024-06-17,North,Electronics,1,219.08,0.05,208.55,135.71,72.84
ORD01505,2024-06-17,West,Electronics,1,108.47,0.08,100.16,65.9,34.26
ORD00768,2024-06-17,East,Clothing,2,66.38,0.03,128.54,72.33,56.21
ORD01737,2024-06-17,West,Grocery,4,29.62,0.09,108.14,64.26,43.88
ORD01475,2024-06-18,North,Clothing,3,50.5,0.11,134.72,79.4,55.32
ORD00053,2024-06-19,West,Grocery,8,31.42,0.01,248.92,192.18,56.74
ORD00268,2024-06-19,North,Home,4,71.21,0.06,267.15,180.23,86.93
ORD00861,2024-06-20,West,Grocery,7,37.69,0.11,235.4,179.48,55.92
ORD02182,2024-06-20,East,Home,3,64.39,0.08,176.77,132.3,44.47
ORD01784,2024-06-20,West,Grocery,9,25.56,0.11,203.74,138.81,64.93
ORD01046,2024-06-21,West,Clothing,2,70.22,0.1,127.0,94.24,32.76
ORD01675,2024-06-21,West,Home,7,60.52,0.05,401.06,261.22,139.84
ORD01638,2024-06-22,East,Clothing,1,43.65,0.04,41.8,32.4,9.4
ORD01040,2024-06-22,North,Clothing,6,32.94,0.03,192.47,104.85,87.62
ORD01376,2024-06-23,South,Sports,7,70.41,0.14,424.15,278.97,145.18
ORD00381,2024-06-23,South,Sports,2,48.97,0.16,81.98,52.64,29.34
ORD01150,2024-06-24,North,Grocery,11,19.57,0.04,206.1,126.55,79.56
ORD00633,2024-06-24,South,Electronics,1,263.3,0.18,216.24,157.68,58.55
ORD01069,2024-06-24,West,Electronics,1,167.78,0.06,157.25,107.1,50.15
ORD00240,2024-06-24,North,Grocery,4,31.53,0.14,109.06,72.8,36.26
ORD00046,2024-06-25,West,Sports,4,80.13,0.07,297.66,180.6,117.06
ORD01565,2024-06-25,West,Electronics,1,84.63,0.05,80.66,44.97,35.69
ORD00151,2024-06-25,South,Home,4,59.75,0.09,218.58,140.52,78.06
ORD00315,2024-06-26,West,Home,2,119.59,0.14,206.59,117.0,89.59
ORD00030,2024-06-26,West,Home,3,54.79,0.04,157.24,118.87,38.37
ORD01646,2024-06-26,West,Clothing,4,67.39,0.05,256.71,198.35,58.36
ORD00175,2024-06-27,West,Sports,3,79.63,0.05,227.74,160.53,67.21
ORD01067,2024-06-27,East,Home,4,80.92,0.04,309.16,174.04,135.13
ORD00542,2024-06-27,South,Sports,2,81.81,0.05,156.25,82.79,73.45
ORD00405,2024-06-28,South,Grocery,6,27.58,0.09,150.56,92.1,58.46
ORD00643,2024-06-28,East,Grocery,5,28.3,0.07,130.95,90.45,40.5
ORD01088,2024-06-28,South,Electronics,3,205.22,0.11,549.52,315.63,233.89
ORD00278,2024-06-28,East,Sports,6,46.98,0.04,269.61,165.5,104.11
ORD00184,2024-06-28,East,Home,2,83.69,0.1,150.46,91.77,58.69
ORD00611,2024-06-29,East,Clothing,5,49.37,0.08,226.86,173.9,52.96
ORD01095,2024-06-30,East,Sports,7,85.31,0.05,567.92,371.92,196.0
ORD00402,2024-06-30,North,Grocery,7,25.49,0.02,174.59,122.67,51.92
ORD00891,2024-06-30,West,Electronics,1,232.28,0.07,216.8,163.32,53.48
ORD00931,2024-07-01,South,Clothing,5,40.95,0.09,186.63,127.54,59.09
ORD01341,2024-07-01,West,Electronics,1,144.4,0.06,135.15,78.42,56.73
ORD01383,2024-07-01,East,Electronics,1,236.49,0.1,214.02,132.71,81.31
ORD00960,2024-07-02,West,Home,7,103.94,0.05,690.15,501.35,188.8
ORD01408,2024-07-02,North,Clothing,2,44.77,0.04,85.67,45.83,39.84
ORD02092,2024-07-03,South,Grocery,14,19.15,0.09,244.41,173.17,71.23
ORD01225,2024-07-03,North,Grocery,10,16.87,0.05,161.09,118.54,42.55
ORD00142,2024-07-03,North,Clothing,4,71.2,0.07,265.67,164.16,101.51
ORD01596,2024-07-04,South,Grocery,6,32.29,0.01,192.26,140.09,52.17
ORD00110,2024-07-04,East,Clothing,3,45.98,0.1,123.6,70.11,53.5
ORD01357,2024-07-05,East,Sports,3,66.0,0.02,194.09,115.87,78.23
ORD00048,2024-07-05,East,Home,1,70.3,0.05,66.8,42.46,24.34
ORD00770,2024-07-06,East,Electronics,2,226.13,0.13,391.63,264.03,127.6
ORD01202,2024-07-07,East,Home,3,111.37,0.04,320.54,167.37,153.18
ORD00644,2024-07-07,North,Home,3,119.36,0.13,312.69,180.92,131.77
ORD00261,2024-07-07,North,Home,1,78.78,0.1,70.57,40.25,30.32
ORD01066,2024-07-07,West,Grocery,7,27.56,0.1,172.71,130.41,42.29
ORD00994,2024-07-08,North,Clothing,2,64.72,0.08,118.98,79.71,39.27
ORD00072,2024-07-08,North,Home,3,64.94,0.1,174.66,96.0,78.66
ORD00919,2024-07-08,West,Electronics,2,190.45,0.08,351.65,191.96,159.69
ORD00324,2024-07-08,West,Home,1,61.91,0.13,54.09,40.49,13.6
ORD01284,2024-07-08,North,Home,1,66.34,0.1,59.6,38.6,21.0
ORD01954,2024-07-08,East,Electronics,1,180.33,0.2,145.1,111.2,33.91
ORD00224,2024-07-09,North,Grocery,6,31.31,0.07,174.83,98.93,75.9
ORD01421,2024-07-09,South,Clothing,2,60.03,0.07,111.23,82.76,28.47
ORD01645,2024-07-09,East,Grocery,14,24.99,0.03,337.96,244.98,92.98
ORD02076,2024-07-09,West,Electronics,4,141.13,0.09,511.48,398.37,113.11
ORD01723,2024-07-11,North,Grocery,8,22.21,0.01,175.27,105.17,70.11
ORD00862,2024-07-12,East,Electronics,1,160.84,0.1,145.17,81.54,63.62
ORD01921,2024-07-12,East,Grocery,8,24.62,0.06,185.42,123.91,61.51
ORD01324,2024-07-12,East,Home,3,84.63,0.02,247.95,173.87,74.08
ORD01395,2024-07-12,North,Sports,5,66.5,0.11,297.52,186.16,111.36
ORD01471,2024-07-12,South,Sports,3,84.56,0.11,225.34,166.68,58.66
ORD01964,2024-07-13,South,Home,6,74.16,0.01,439.34,318.84,120.5
ORD01752,2024-07-13,South,Clothing,4,60.48,0.03,235.22,163.57,71.65
ORD01457,2024-07-13,West,Sports,1,75.88,0.03,73.31,48.0,25.31
ORD01482,2024-07-13,South,Grocery,10,38.79,0.18,319.79,244.74,75.05
ORD01466,2024-07-14,West,Grocery,14,31.6,0.02,434.15,237.63,196.52
ORD01378,2024-07-14,East,Sports,6,68.08,0.03,397.53,282.49,115.04
ORD01504,2024-07-14,South,Grocery,8,15.06,0.04,115.77,70.38,45.39
ORD01553,2024-07-15,East,Sports,3,81.4,0.1,220.27,167.02,53.25
ORD01277,2024-07-15,East,Home,3,89.89,0.06,252.28,168.8,83.48
ORD01579,2024-07-15,South,Sports,4,60.85,0.07,226.02,166.07,59.95
ORD01499,2024-07-16,South,Home,1,50.9,0.12,44.61,23.76,20.86
ORD01680,2024-07-16,North,Sports,5,60.67,0.05,288.61,199.35,89.26
ORD00755,2024-07-17,West,Electronics,1,191.57,0.1,173.01,98.62,74.39
ORD00753,2024-07-17,East,Grocery,6,24.59,0.01,145.49,83.23,62.25
ORD01255,2024-07-17,East,Electronics,1,134.79,0.04,129.98,94.46,35.52
ORD01974,2024-07-18,East,Electronics,2,206.63,0.06,390.35,267.18,123.17
ORD00368,2024-07-18,West,Home,2,89.76,0.18,147.08,106.05,41.03
ORD01138,2024-07-20,West,Grocery,8,23.13,0.04,176.97,99.3,77.67
ORD00914,2024-07-20,West,Home,3,82.16,0.15,208.98,145.65,63.32
ORD01470,2024-07-20,North,Electronics,2,187.91,0.16,317.0,178.97,138.03
ORD00360,2024-07-20,North,Sports,4,77.95,0.07,290.7,158.42,132.27
ORD01072,2024-07-20,North,Home,5,73.24,0.02,358.37,197.56,160.8
ORD01626,2024-07-20,South,Home,4,110.14,0.06,414.32,319.69,94.63
ORD00462,2024-07-20,East,Electronics,2,171.31,0.07,317.63,240.18,77.45
ORD01564,2024-07-21,East,Clothing,4,41.39,0.15,141.14,78.1,63.04
ORD01544,2024-07-21,West,Home,1,92.0,0.09,83.96,62.29,21.68
ORD01271,2024-07-21,North,Clothing,5,53.78,0.06,252.1,187.37,64.73
ORD01664,2024-07-21,North,Home,1,81.77,0.08,75.22,52.92,22.31
ORD00757,2024-07-21,East,Electronics,3,199.32,0.16,501.14,327.41,173.72
ORD02126,2024-07-23,North,Home,1,105.82,0.08,97.02,73.97,23.06
ORD00567,2024-07-24,East,Electronics,1,190.14,0.07,177.52,129.66,47.85
ORD00362,2024-07-24,North,Grocery,7,26.08,0.09,166.0,101.76,64.24
ORD00705,2024-07-24,North,Clothing,7,90.8,0.07,591.5,425.47,166.03
ORD01240,2024-07-24,West,Clothing,5,73.08,0.06,341.79,258.72,83.07
ORD01097,2024-07-24,East,Grocery,14,30.74,0.04,413.69,264.0,149.69
ORD00021,2024-07-25,North,Home,4,103.66,0.02,407.09,225.16,181.93
ORD01906,2024-07-25,West,Grocery,6,27.62,0.05,156.83,110.08,46.75
ORD00254,2024-07-26,North,Sports,3,83.74,0.03,244.12,155.33,88.79
ORD00114,2024-07-26,North,Clothing,3,53.06,0.06,149.27,81.63,67.64
ORD00809,2024-07-29,North,Grocery,7,31.71,0.03,216.43,117.22,99.21
ORD00541,2024-07-29,East,Home,6,104.7,0.03,609.68,414.92,194.76
ORD01960,2024-07-30,West,Clothing,3,45.0,0.05,128.89,74.87,54.02
ORD00662,2024-07-30,South,Home,1,69.08,0.08,63.83,48.96,14.87
ORD01249,2024-07-30,West,Clothing,4,64.17,0.17,213.12,164.68,48.44
ORD00635,2024-07-30,East,Grocery,11,15.36,0.03,163.92,95.67,68.25
ORD01385,2024-07-31,East,Grocery,5,30.04,0.02,147.36,85.23,62.13
ORD01428,2024-07-31,West,Clothing,3,73.14,0.02,215.72,143.72,72.0
ORD00721,2024-07-31,West,Home,4,127.21,0.07,471.27,303.19,168.08
ORD00147,2024-07-31,North,Electronics,3,210.94,0.07,586.32,445.55,140.77
ORD00484,2024-08-02,North,Clothing,3,30.43,0.09,82.8,47.37,35.43
ORD00918,2024-08-02,East,Sports,1,102.91,0.1,92.13,66.73,25.4
ORD01299,2024-08-02,West,Home,4,110.3,0.03,428.99,283.58,145.41
ORD01676,2024-08-03,South,Home,7,97.14,0.1,609.12,435.03,174.09
ORD00091,2024-08-04,South,Grocery,6,38.17,0.02,223.49,135.87,87.62
ORD00536,2024-08-04,North,Clothing,2,45.79,0.04,88.09,60.82,27.26
ORD00085,2024-08-04,West,Sports,1,88.37,0.1,79.2,41.41,37.79
ORD01699,2024-08-05,East,Home,4,94.38,0.07,350.95,240.61,110.34
ORD01537,2024-08-05,West,Home,3,70.08,0.03,203.74,121.62,82.12
ORD00294,2024-08-05,East,Electronics,3,198.86,0.08,545.88,355.42,190.46
ORD00771,2024-08-05,West,Grocery,10,27.91,0.07,259.73,179.92,79.8
ORD01362,2024-08-06,South,Grocery,5,18.77,0.07,86.92,65.73,21.19
ORD00237,2024-08-06,North,Grocery,10,19.59,0.11,175.04,127.34,47.7
ORD01118,2024-08-07,West,Grocery,4,35.62,0.06,134.55,82.92,51.63
ORD01510,2024-08-07,South,Home,3,65.31,0.04,188.07,105.08,82.99
ORD00547,2024-08-07,North,Clothing,3,52.07,0.05,148.45,80.16,68.28
ORD01897,2024-08-07,West,Grocery,9,20.2,0.01,179.36,111.98,67.38
ORD00628,2024-08-08,North,Clothing,3,42.71,0.04,122.41,90.22,32.19
ORD01756,2024-08-09,East,Electronics,3,193.21,0.14,499.31,360.37,138.94
ORD00443,2024-08-09,North,Grocery,11,25.26,0.12,243.84,129.36,114.47
ORD01858,2024-08-10,North,Clothing,8,66.12,0.08,485.7,374.48,111.22
ORD02046,2024-08-10,East,Clothing,4,48.17,0.04,185.38,136.56,48.82
ORD00725,2024-08-10,South,Sports,3,44.37,0.02,130.13,98.43,31.71
ORD01894,2024-08-10,South,Clothing,3,55.5,0.04,159.8,83.69,76.12
ORD00170,2024-08-11,East,Home,2,38.35,0.01,76.0,54.5,21.5
ORD01062,2024-08-11,South,Grocery,3,27.25,0.07,76.11,50.59,25.51
ORD00883,2024-08-11,East,Electronics,2,169.94,0.02,332.21,236.44,95.76
ORD00086,2024-08-11,East,Sports,1,96.29,0.08,88.56,66.6,21.96
ORD01203,2024-08-12,South,Clothing,7,49.15,0.13,299.4,174.45,124.95
ORD00251,2024-08-12,West,Electronics,1,203.07,0.06,191.08,137.57,53.51
ORD02026,2024-08-13,South,Clothing,4,66.84,0.03,259.09,137.49,121.59
ORD01657,2024-08-13,North,Home,1,72.3,0.07,67.41,40.86,26.55
ORD01889,2024-08-14,South,Home,4,105.68,0.04,406.45,282.13,124.32
ORD00502,2024-08-14,West,Clothing,2,68.69,0.09,124.44,71.03,53.41
ORD01099,2024-08-14,West,Grocery,4,16.39,0.06,61.55,38.3,23.25
ORD02086,2024-08-15,South,Sports,4,93.13,0.1,334.75,258.13,76.62
ORD02047,2024-08-15,East,Grocery,7,27.09,0.12,167.81,95.06,72.75
ORD00816,2024-08-16,West,Clothing,4,80.89,0.06,304.49,197.94,106.56
ORD00079,2024-08-16,West,Grocery,9,23.78,0.07,199.09,129.21,69.87
ORD01147,2024-08-16,South,Clothing,5,57.99,0.05,275.69,214.47,61.22
ORD01396,2024-08-16,East,Home,1,65.46,0.06,61.48,42.91,18.57
ORD01451,2024-08-16,North,Grocery,10,23.17,0.16,194.97,135.57,59.4
ORD01614,2024-08-17,South,Clothing,1,55.22,0.08,51.05,31.64,19.42
ORD00123,2024-08-17,East,Home,2,99.36,0.03,193.01,131.36,61.65
ORD00361,2024-08-19,South,Grocery,5,24.04,0.08,110.19,68.85,41.34
ORD01992,2024-08-19,North,Home,3,76.28,0.02,223.54,147.99,75.55
ORD00389,2024-08-19,North,Sports,3,98.79,0.09,269.48,197.08,72.4
ORD00096,2024-08-19,East,Grocery,7,31.82,0.24,169.81,118.89,50.92
ORD00913,2024-08-19,West,Electronics,2,193.24,0.03,375.72,202.05,173.66
ORD01979,2024-08-19,South,Clothing,5,58.69,0.1,265.17,159.68,105.49
ORD02053,2024-08-19,East,Sports,2,70.14,0.1,125.77,94.48,31.29
ORD01932,2024-08-19,North,Electronics,1,200.7,0.17,167.01,101.93,65.08
ORD00548,2024-08-20,West,Clothing,4,61.86,0.03,240.21,171.45,68.76
ORD00133,2024-08-20,West,Clothing,4,65.38,0.1,234.6,141.15,93.44
ORD00553,2024-08-20,South,Home,3,73.67,0.07,204.72,125.06,79.66
ORD00228,2024-08-21,South,Clothing,7,59.63,0.0,415.4,254.39,161.01
ORD00853,2024-08-21,West,Electronics,4,120.1,0.02,470.65,269.9,200.75
ORD00420,2024-08-21,South,Home,2,77.7,0.07,144.32,89.97,54.35
ORD00569,2024-08-22,North,Home,3,99.55,0.05,284.95,188.88,96.07
ORD00036,2024-08-22,East,Grocery,4,30.46,0.04,116.35,83.07,33.28
ORD01087,2024-08-22,North,Clothing,5,53.41,0.02,261.39,200.86,60.52
ORD00277,2024-08-22,East,Home,5,34.9,0.13,152.04,81.17,70.87
ORD01562,2024-08-22,South,Clothing,5,63.51,0.07,296.45,194.87,101.58
ORD01600,2024-08-22,East,Grocery,12,28.18,0.11,302.51,195.88,106.63
ORD01555,2024-08-23,North,Clothing,3,77.82,0.08,215.89,117.29,98.59
ORD00349,2024-08-23,East,Clothing,2,88.15,0.05,167.12,92.91,74.2
ORD00205,2024-08-23,North,Electronics,2,125.34,0.06,235.44,182.98,52.47
ORD00955,2024-08-24,East,Sports,4,79.65,0.07,295.49,199.54,95.95
ORD01516,2024-08-24,South,Home,5,104.97,0.04,503.1,359.2,143.9
ORD00687,2024-08-24,West,Home,3,74.77,0.06,211.9,149.03,62.87
ORD00579,2024-08-25,East,Clothing,4,56.88,0.06,214.5,135.42,79.08
ORD00836,2024-08-25,West,Clothing,1,69.68,0.07,64.79,42.33,22.46
ORD00989,2024-08-25,South,Grocery,13,27.67,0.04,343.63,228.65,114.97
ORD00403,2024-08-26,West,Grocery,5,21.6,0.07,100.95,78.46,22.49
ORD01139,2024-08-26,North,Electronics,4,196.93,0.06,739.85,508.0,231.84
ORD01016,2024-08-27,West,Grocery,12,18.96,0.07,212.14,126.98,85.17
ORD00910,2024-08-27,East,Home,2,97.49,0.04,187.08,108.17,78.92
ORD01051,2024-08-27,South,Clothing,4,42.8,0.01,169.92,122.65,47.27
ORD00731,2024-08-29,West,Grocery,8,26.5,0.13,184.38,105.15,79.23
ORD01714,2024-08-29,North,Clothing,2,62.45,0.02,122.37,92.82,29.55
ORD00675,2024-08-29,North,Sports,3,70.35,0.04,201.78,143.73,58.06
ORD01781,2024-08-29,South,Clothing,5,27.47,0.1,123.25,69.22,54.03
ORD00109,2024-08-31,East,Sports,1,53.37,0.08,49.3,27.79,21.51
ORD00489,2024-08-31,East,Home,3,84.58,0.07,235.78,139.57,96.21
ORD00339,2024-08-31,West,Electronics,1,209.82,0.01,207.97,148.41,59.56
ORD02114,2024-09-01,West,Home,1,103.28,0.06,96.81,70.81,26.0
ORD00650,2024-09-01,West,Grocery,8,17.38,0.1,124.99,70.83,54.16
ORD00888,2024-09-01,South,Grocery,13,21.35,0.1,250.4,171.68,78.72
ORD02013,2024-09-01,West,Clothing,4,48.38,0.05,182.91,124.2,58.71
ORD00427,2024-09-01,North,Grocery,8,34.5,0.05,263.17,150.31,112.86
ORD00144,2024-09-03,North,Grocery,4,21.73,0.07,81.22,45.24,35.97
ORD00343,2024-09-03,West,Grocery,7,22.63,0.06,149.01,91.67,57.34
ORD01267,2024-09-03,East,Clothing,4,61.71,0.03,239.66,143.77,95.89
ORD01552,2024-09-04,North,Home,9,96.45,0.2,698.25,503.87,194.38
ORD00640,2024-09-04,West,Electronics,1,178.68,0.03,173.41,114.24,59.17
ORD01445,2024-09-04,East,Grocery,8,13.68,0.02,106.93,73.14,33.79
ORD01631,2024-09-04,North,Home,1,113.91,0.06,106.62,65.84,40.78
ORD01546,2024-09-04,East,Home,6,90.9,0.06,510.41,283.72,226.69
ORD00171,2024-09-05,South,Clothing,2,53.41,0.06,100.92,70.36,30.56
ORD00797,2024-09-06,North,Sports,4,55.17,0.1,197.72,115.83,81.89
ORD01898,2024-09-06,East,Home,4,90.44,0.02,352.88,258.81,94.08
ORD01970,2024-09-06,South,Clothing,8,61.85,0.12,434.12,322.17,111.96
ORD01394,2024-09-06,East,Grocery,11,21.99,0.1,216.57,132.56,84.01
ORD01441,2024-09-06,North,Grocery,13,31.32,0.1,368.43,206.9,161.53
ORD01331,2024-09-07,South,Grocery,8,31.22,0.17,207.42,113.49,93.94
ORD00982,2024-09-07,East,Electronics,2,197.43,0.06,369.39,215.5,153.89
ORD01684,2024-09-07,East,Home,3,104.13,0.09,283.18,156.05,127.13
ORD02043,2024-09-07,South,Grocery,12,29.5,0.0,352.4,221.92,130.48
ORD00684,2024-09-07,East,Electronics,1,175.39,0.15,149.76,94.46,55.3
ORD00857,2024-09-07,North,Grocery,11,22.76,0.01,247.87,185.24,62.63
ORD00023,2024-09-07,South,Home,3,96.65,0.16,244.84,186.52,58.32
ORD00340,2024-09-07,West,Grocery,10,28.66,0.04,275.64,214.6,61.05
ORD01623,2024-09-08,West,Sports,4,58.61,0.03,226.53,173.78,52.75
ORD01358,2024-09-08,East,Electronics,1,146.97,0.06,138.69,92.13,46.56
ORD01409,2024-09-08,East,Home,6,63.29,0.07,353.87,276.02,77.86
ORD00221,2024-09-09,East,Sports,4,39.97,0.02,156.05,83.97,72.08
ORD01313,2024-09-10,South,Grocery,1,29.62,0.2,23.6,13.1,10.5
ORD01701,2024-09-10,East,Clothing,6,37.4,0.1,202.72,131.98,70.74
ORD01899,2024-09-10,East,Home,4,99.49,0.09,361.93,281.74,80.2
ORD00876,2024-09-10,North,Electronics,1,184.85,0.06,173.93,108.59,65.34
ORD01912,2024-09-10,West,Grocery,5,40.86,0.08,187.94,98.07,89.88
ORD01345,2024-09-11,North,Grocery,12,28.81,0.05,330.16,249.6,80.56
ORD00414,2024-09-12,South,Home,5,71.1,0.09,324.55,200.8,123.75
ORD01893,2024-09-12,North,Grocery,7,17.4,0.05,115.35,86.07,29.28
ORD01788,2024-09-12,East,Electronics,1,222.5,0.04,214.69,119.89,94.79
ORD01288,2024-09-12,North,Home,6,113.65,0.02,667.96,440.89,227.07
ORD01792,2024-09-13,East,Clothing,2,60.86,0.11,108.25,84.01,24.23
ORD00787,2024-09-13,North,Grocery,10,27.35,0.04,262.74,187.19,75.56
ORD00546,2024-09-13,East,Sports,4,72.23,0.1,260.19,171.45,88.74
ORD01250,2024-09-14,South,Clothing,4,77.67,0.03,300.63,215.07,85.57
ORD00332,2024-09-14,East,Clothing,6,38.44,0.04,222.17,125.54,96.63
ORD02031,2024-09-15,North,Sports,1,64.4,0.11,57.1,32.36,24.73
ORD01651,2024-09-15,East,Home,2,67.83,0.02,132.82,99.62,33.2
ORD00821,2024-09-15,East,Grocery,9,16.33,0.11,131.12,92.61,38.51
ORD00035,2024-09-16,East,Grocery,11,31.18,0.08,314.16,221.52,92.65
ORD01060,2024-09-16,North,Home,4,98.31,0.02,383.78,220.93,162.85
ORD00319,2024-09-16,South,Sports,1,68.85,0.03,66.77,49.91,16.86
ORD01054,2024-09-17,South,Sports,1,72.97,0.07,67.9,40.66,27.24
ORD00180,2024-09-17,East,Home,5,95.01,0.02,464.32,342.31,122.01
ORD00652,2024-09-17,West,Grocery,9,31.89,0.11,255.33,164.7,90.63
ORD00193,2024-09-17,East,Sports,2,57.03,0.04,109.77,73.13,36.64
ORD01486,2024-09-18,West,Home,4,71.69,0.04,276.59,154.93,121.65
ORD00884,2024-09-18,West,Grocery,7,32.75,0.11,203.93,115.81,88.12
ORD01806,2024-09-18,East,Grocery,5,23.92,0.11,105.96,67.83,38.13
ORD00860,2024-09-19,East,Electronics,2,188.16,0.07,348.22,226.45,121.77
ORD01149,2024-09-19,East,Clothing,1,48.56,0.12,42.61,30.39,12.21
ORD01738,2024-09-20,East,Home,4,93.26,0.04,356.45,275.68,80.78
ORD00442,2024-09-20,North,Sports,3,82.37,0.02,243.05,146.92,96.13
ORD01031,2024-09-21,West,Grocery,4,20.45,0.05,77.83,59.45,18.38
ORD00385,2024-09-21,South,Sports,5,83.28,0.06,389.73,223.09,166.64
ORD00356,2024-09-21,South,Electronics,4,223.3,0.13,779.61,503.35,276.26
ORD00465,2024-09-21,West,Clothing,4,40.74,0.06,152.85,93.89,58.95
ORD00680,2024-09-22,South,Grocery,4,13.47,0.08,49.46,25.91,23.55
ORD00486,2024-09-22,East,Grocery,8,21.72,0.01,171.97,124.35,47.62
ORD00677,2024-09-22,South,Grocery,7,14.02,0.03,95.0,70.28,24.72
ORD00868,2024-09-22,South,Clothing,5,49.29,0.04,236.13,151.96,84.17
ORD01503,2024-09-22,West,Grocery,6,23.44,0.07,131.43,97.93,33.5
ORD02185,2024-09-23,East,Electronics,3,94.4,0.05,270.28,186.48,83.79
ORD00024,2024-09-23,South,Grocery,8,11.66,0.08,85.66,63.18,22.48
ORD00531,2024-09-23,South,Clothing,2,57.25,0.02,112.12,75.45,36.67
ORD00951,2024-09-24,West,Clothing,7,53.34,0.11,332.07,182.0,150.08
ORD02032,2024-09-24,North,Electronics,1,151.95,0.09,137.89,87.47,50.42
ORD01622,2024-09-25,East,Clothing,6,72.85,0.09,396.04,243.39,152.65
ORD01326,2024-09-26,West,Clothing,3,68.44,0.04,197.99,137.51,60.49
ORD01832,2024-09-26,North,Grocery,6,30.77,0.08,169.34,128.79,40.55
ORD00647,2024-09-26,North,Grocery,8,28.62,0.1,206.63,150.12,56.52
ORD01998,2024-09-26,East,Clothing,6,75.26,0.05,427.54,267.42,160.12
ORD01266,2024-09-26,East,Grocery,6,33.1,0.03,192.69,101.25,91.43
ORD00900,2024-09-26,West,Sports,4,49.97,0.09,180.91,105.75,75.17
ORD00297,2024-09-27,North,Electronics,1,211.96,0.14,181.79,140.03,41.76
ORD02107,2024-09-27,South,Home,1,85.02,0.1,76.59,43.88,32.71
ORD01865,2024-09-27,West,Sports,4,67.36,0.19,218.89,116.24,102.65
ORD01425,2024-09-28,West,Home,1,109.94,0.08,101.31,77.98,23.33
ORD00968,2024-09-28,West,Grocery,5,23.09,0.03,111.39,78.78,32.62
ORD00191,2024-09-29,South,Home,2,43.93,0.03,85.36,61.92,23.44
ORD01360,2024-09-30,South,Sports,3,37.5,0.1,101.66,71.55,30.12
ORD02068,2024-09-30,North,Grocery,4,35.16,0.14,120.9,69.6,51.3
ORD01780,2024-10-01,North,Clothing,5,54.12,0.05,256.59,196.95,59.64
ORD00592,2024-10-01,East,Electronics,3,225.19,0.04,645.47,402.93,242.54
ORD01648,2024-10-01,North,Grocery,6,12.21,0.08,67.65,35.42,32.23
ORD00806,2024-10-01,West,Home,3,95.94,0.06,270.85,180.04,90.81
ORD00270,2024-10-01,East,Grocery,11,25.97,0.0,285.1,168.63,116.47
ORD02065,2024-10-03,West,Grocery,11,32.88,0.11,323.2,198.27,124.92
ORD01836,2024-10-03,North,Home,1,62.16,0.06,58.46,43.25,15.21
ORD01450,2024-10-04,North,Electronics,1,168.11,0.11,149.07,90.56,58.51
ORD00358,2024-10-04,West,Clothing,2,55.31,0.03,107.79,76.9,30.89
ORD02132,2024-10-04,West,Home,4,94.82,0.08,347.76,247.34,100.42
ORD00759,2024-10-04,West,Clothing,2,42.42,0.12,74.63,56.01,18.62
ORD00551,2024-10-04,North,Grocery,5,26.93,0.13,116.88,72.31,44.57
ORD00835,2024-10-04,South,Home,2,63.98,0.08,118.04,76.93,41.11
ORD00844,2024-10-05,South,Sports,7,63.15,0.17,368.88,233.95,134.93
ORD01154,2024-10-05,South,Clothing,2,60.27,0.06,113.34,82.97,30.37
ORD02119,2024-10-05,North,Grocery,10,26.41,0.04,252.53,143.11,109.42
ORD01120,2024-10-05,South,Grocery,7,16.08,0.03,108.92,66.59,42.33
ORD01329,2024-10-05,South,Sports,7,93.42,0.1,591.51,421.53,169.98
ORD00474,2024-10-05,West,Grocery,4,10.4,0.04,39.71,30.1,9.61
ORD01140,2024-10-06,South,Clothing,7,51.72,0.09,331.2,179.77,151.44
ORD01317,2024-10-06,East,Clothing,5,46.99,0.04,225.91,166.87,59.03
ORD00591,2024-10-06,South,Grocery,10,30.39,0.15,258.57,145.97,112.61
ORD00890,2024-10-07,North,Electronics,2,205.77,0.13,356.42,198.21,158.21
ORD00408,2024-10-07,West,Clothing,5,55.89,0.1,251.3,179.8,71.5
ORD00071,2024-10-07,East,Electronics,2,185.73,0.08,342.58,257.84,84.74
ORD01384,2024-10-07,West,Clothing,2,64.72,0.02,126.33,92.85,33.48
ORD01532,2024-10-08,North,Electronics,1,176.73,0.04,170.24,118.16,52.09
ORD01739,2024-10-08,West,Sports,3,49.05,0.04,141.8,73.85,67.95
ORD01917,2024-10-09,North,Grocery,7,27.74,0.11,172.96,114.0,58.96
ORD00558,2024-10-09,North,Electronics,1,165.56,0.08,152.81,109.29,43.52
ORD00864,2024-10-09,South,Clothing,3,73.98,0.1,200.43,121.02,79.41
ORD01837,2024-10-10,South,Grocery,3,37.14,0.02,109.14,74.01,35.13
ORD00820,2024-10-10,East,Electronics,1,168.26,0.1,150.86,83.87,67.0
ORD00418,2024-10-11,West,Sports,3,39.87,0.07,111.62,64.35,47.27
ORD00087,2024-10-11,West,Home,4,63.79,0.02,249.05,144.83,104.22
ORD01136,2024-10-11,South,Home,3,97.5,0.09,267.62,146.99,120.63
ORD02174,2024-10-11,West,Home,4,47.25,0.11,167.71,127.62,40.09
ORD00626,2024-10-12,West,Clothing,8,41.23,0.04,315.17,223.22,91.94
ORD01160,2024-10-13,East,Clothing,4,49.22,0.13,171.48,115.73,55.75
ORD01533,2024-10-13,North,Sports,3,59.81,0.02,175.92,122.21,53.71
ORD01704,2024-10-13,North,Clothing,3,45.37,0.07,126.42,84.73,41.69
ORD00915,2024-10-14,East,Clothing,5,47.49,0.1,214.41,155.19,59.23
ORD01419,2024-10-14,South,Sports,4,75.6,0.02,296.8,177.31,119.49
ORD00506,2024-10-15,South,Clothing,6,54.67,0.03,317.0,208.82,108.18
ORD00535,2024-10-18,West,Sports,2,52.52,0.08,97.08,67.65,29.43
ORD01181,2024-10-18,West,Clothing,4,37.47,0.12,132.02,76.91,55.12
ORD00980,2024-10-19,South,Clothing,2,60.49,0.02,118.74,62.74,56.0
ORD01803,2024-10-19,South,Electronics,3,193.84,0.01,574.82,374.24,200.58
ORD02045,2024-10-19,East,Electronics,5,187.54,0.08,858.78,579.68,279.1
ORD00263,2024-10-21,West,Home,4,84.11,0.04,323.29,192.15,131.15
ORD01260,2024-10-21,South,Home,3,88.08,0.02,258.23,186.47,71.76
ORD00181,2024-10-21,East,Grocery,9,31.46,0.01,279.17,147.36,131.81
ORD01682,2024-10-21,West,Home,5,85.58,0.03,413.61,252.7,160.91
ORD00730,2024-10-21,South,Clothing,3,47.26,0.05,134.86,82.23,52.63
ORD00470,2024-10-22,West,Grocery,3,17.28,0.05,49.14,28.85,20.28
ORD01866,2024-10-23,South,Home,9,89.07,0.06,753.05,512.37,240.68
ORD01443,2024-10-23,North,Electronics,3,262.1,0.07,733.62,396.37,337.25
ORD00236,2024-10-23,East,Electronics,1,262.99,0.06,246.2,148.51,97.68
ORD00265,2024-10-23,North,Sports,5,65.87,0.03,320.71,199.9,120.81
ORD00798,2024-10-25,North,Clothing,4,63.87,0.13,221.4,142.11,79.29
ORD00259,2024-10-25,North,Electronics,2,175.38,0.02,344.71,244.55,100.16
ORD00899,2024-10-25,West,Home,2,71.44,0.08,131.97,91.87,40.1
ORD01010,2024-10-25,East,Grocery,10,28.49,0.04,273.27,168.64,104.64
ORD02050,2024-10-26,South,Sports,2,55.75,0.08,102.57,74.59,27.98
ORD02075,2024-10-27,East,Grocery,8,25.1,0.03,195.46,142.54,52.91
ORD01761,2024-10-27,South,Home,2,42.87,0.01,84.52,51.02,33.5
ORD00590,2024-10-27,East,Grocery,7,35.09,0.08,226.55,138.16,88.39
ORD02014,2024-10-28,North,Grocery,12,29.63,0.18,291.8,200.05,91.75
ORD00337,2024-10-28,West,Home,4,120.91,0.11,429.96,304.02,125.94
ORD01926,2024-10-29,West,Clothing,5,65.92,0.03,318.86,248.22,70.64
ORD00058,2024-10-29,North,Home,4,68.3,0.07,255.3,139.41,115.89
ORD02093,2024-10-29,West,Sports,8,74.33,0.07,554.62,324.22,230.4
ORD02162,2024-10-30,West,Grocery,8,25.66,0.08,189.07,99.21,89.86
ORD00001,2024-10-30,North,Grocery,5,39.26,0.09,179.42,136.67,42.75
ORD00134,2024-10-30,North,Home,4,85.6,0.04,329.28,225.63,103.64
ORD00782,2024-10-31,North,Electronics,3,232.12,0.11,620.17,468.96,151.22
ORD00301,2024-10-31,North,Electronics,2,183.66,0.03,356.25,224.42,131.83
ORD00500,2024-10-31,West,Grocery,14,31.06,0.09,396.97,264.15,132.82
ORD00819,2024-11-01,West,Clothing,1,43.77,0.1,39.38,22.55,16.83
ORD02077,2024-11-01,South,Home,2,91.17,0.09,165.82,119.97,45.85
ORD01930,2024-11-01,South,Grocery,7,29.08,0.1,184.02,115.78,68.24
ORD00066,2024-11-01,South,Home,1,93.22,0.02,91.58,59.63,31.95
ORD00631,2024-11-02,East,Electronics,2,149.76,0.06,281.87,218.24,63.63
ORD00386,2024-11-02,North,Grocery,8,32.1,0.04,245.74,189.27,56.48
ORD00736,2024-11-02,East,Electronics,1,242.51,0.05,231.35,165.47,65.88
ORD00967,2024-11-02,South,Sports,1,105.23,0.07,98.04,58.07,39.97
ORD01732,2024-11-02,South,Home,3,91.03,0.16,228.47,174.29,54.19
ORD01941,2024-11-02,South,Home,5,55.4,0.04,264.81,152.63,112.18
ORD00498,2024-11-02,North,Sports,1,91.51,0.03,88.69,65.68,23.01
ORD01827,2024-11-03,North,Clothing,6,41.37,0.08,227.98,148.48,79.5
ORD01686,2024-11-04,East,Clothing,2,81.23,0.2,130.53,70.28,60.25
ORD02091,2024-11-05,South,Clothing,5,46.08,0.01,228.48,147.19,81.29
ORD00047,2024-11-05,South,Electronics,2,88.3,0.07,163.97,92.81,71.16
ORD00395,2024-11-06,West,Clothing,2,84.16,0.06,158.81,92.76,66.04
ORD02071,2024-11-06,East,Grocery,7,27.72,0.04,186.73,129.39,57.35
ORD00401,2024-11-06,East,Electronics,1,159.59,0.12,140.76,83.2,57.56
ORD02152,2024-11-07,North,Home,2,94.43,0.01,187.39,110.76,76.63
ORD00865,2024-11-07,North,Sports,4,66.88,0.01,263.63,186.78,76.85
ORD00481,2024-11-07,North,Sports,1,124.54,0.08,114.55,64.09,50.46
ORD01786,2024-11-07,South,Grocery,5,32.77,0.08,150.55,81.3,69.25
ORD01006,2024-11-08,West,Grocery,4,30.19,0.03,117.65,67.59,50.06
ORD01059,2024-11-08,East,Grocery,6,27.76,0.09,151.97,93.38,58.59
ORD00485,2024-11-08,West,Home,4,84.71,0.02,332.2,193.39,138.81
ORD01479,2024-11-08,North,Home,5,68.65,0.1,307.47,227.21,80.25
ORD01372,2024-11-09,South,Electronics,2,219.75,0.05,419.58,316.82,102.76
ORD02020,2024-11-09,East,Electronics,3,247.44,0.03,716.4,532.3,184.1
ORD01253,2024-11-09,South,Grocery,3,31.15,0.08,86.15,52.75,33.39
ORD01829,2024-11-09,East,Grocery,4,12.81,0.14,44.02,31.56,12.46
ORD01758,2024-11-11,North,Electronics,1,165.43,0.04,159.59,87.48,72.11
ORD02118,2024-11-11,East,Grocery,10,19.56,0.06,183.78,99.59,84.19
ORD00384,2024-11-11,North,Sports,2,59.13,0.03,114.79,65.79,49.0
ORD01347,2024-11-12,East,Home,4,71.41,0.03,276.4,210.48,65.92
ORD00610,2024-11-12,West,Electronics,1,137.59,0.13,120.35,76.37,43.98
ORD01513,2024-11-12,East,Sports,3,66.79,0.02,196.12,129.71,66.41
ORD02052,2024-11-12,West,Electronics,1,191.78,0.17,158.54,108.05,50.5
ORD01318,2024-11-12,East,Home,3,105.3,0.05,301.2,182.63,118.57
ORD00323,2024-11-13,East,Grocery,8,23.89,0.07,177.01,98.91,78.09
ORD00095,2024-11-13,North,Sports,6,101.79,0.03,591.04,385.67,205.37
ORD01208,2024-11-13,North,Sports,2,76.15,0.2,121.17,91.7,29.47
ORD01808,2024-11-13,West,Electronics,3,120.59,0.11,320.89,235.97,84.92
ORD00042,2024-11-14,North,Home,4,86.53,0.01,341.03,220.94,120.09
ORD02035,2024-11-14,South,Sports,2,62.73,0.05,118.72,74.34,44.38
ORD00165,2024-11-14,East,Clothing,3,51.8,0.06,145.67,109.02,36.65
ORD02090,2024-11-14,West,Grocery,5,21.21,0.15,89.84,49.04,40.8
ORD01308,2024-11-15,West,Home,1,95.9,0.02,94.23,63.25,30.97
ORD00215,2024-11-15,East,Grocery,9,28.76,0.04,248.19,141.09,107.1
ORD01182,2024-11-15,South,Clothing,5,54.18,0.02,266.18,187.65,78.52
ORD00113,2024-11-15,East,Sports,1,84.62,0.12,74.53,57.96,16.57
ORD01818,2024-11-15,South,Clothing,5,69.67,0.11,309.74,185.62,124.12
ORD01729,2024-11-15,South,Grocery,14,28.81,0.01,398.72,284.3,114.41
ORD00674,2024-11-17,North,Electronics,2,276.36,0.04,532.96,304.79,228.17
ORD01172,2024-11-17,West,Clothing,4,35.57,0.1,127.86,99.34,28.52
ORD00434,2024-11-18,North,Electronics,1,178.36,0.12,157.68,111.01,46.67
ORD00838,2024-11-18,North,Grocery,7,30.93,0.03,209.53,113.48,96.05
ORD01353,2024-11-18,South,Clothing,5,40.07,0.02,195.44,141.39,54.06
ORD02070,2024-11-18,South,Clothing,4,88.38,0.05,335.38,232.89,102.49
ORD01110,2024-11-19,South,Electronics,4,188.31,0.08,692.43,506.73,185.71
ORD01632,2024-11-19,South,Sports,7,96.04,0.1,607.63,401.02,206.61
ORD01230,2024-11-19,South,Sports,1,57.71,0.11,51.31,33.25,18.06
ORD01861,2024-11-19,East,Home,4,104.78,0.07,388.82,222.12,166.7
ORD01201,2024-11-20,East,Home,3,106.68,0.02,312.15,214.78,97.38
ORD00750,2024-11-20,North,Electronics,1,185.88,0.08,170.09,111.08,59.01
ORD00715,2024-11-20,East,Grocery,12,33.37,0.04,384.09,296.91,87.18
ORD02137,2024-11-21,South,Clothing,4,52.07,0.0,207.27,135.05,72.23
ORD01263,2024-11-21,North,Sports,1,71.58,0.05,68.16,47.06,21.11
ORD01687,2024-11-21,East,Clothing,5,45.07,0.04,217.46,123.82,93.65
ORD01462,2024-11-22,East,Clothing,6,34.65,0.08,190.77,119.69,71.08
ORD00921,2024-11-23,North,Home,3,99.29,0.06,281.46,170.76,110.7
ORD00869,2024-11-23,South,Grocery,8,29.23,0.03,226.44,164.37,62.07
ORD00818,2024-11-23,East,Home,6,98.81,0.09,542.11,289.27,252.84
ORD01782,2024-11-24,West,Grocery,8,25.27,0.09,184.34,116.49,67.85
ORD00214,2024-11-24,East,Electronics,4,194.07,0.04,743.82,465.42,278.4
ORD00555,2024-11-24,North,Electronics,2,231.3,0.07,431.04,312.97,118.07
ORD01079,2024-11-24,West,Grocery,7,18.67,0.03,126.38,92.0,34.39
ORD01049,2024-11-26,North,Grocery,5,26.22,0.03,126.67,73.08,53.59
ORD00584,2024-11-26,West,Grocery,12,21.72,0.19,211.92,147.42,64.5
ORD01703,2024-11-27,East,Sports,2,109.1,0.03,212.47,155.73,56.75
ORD00654,2024-11-27,East,Grocery,6,31.27,0.07,174.25,100.33,73.92
ORD00692,2024-11-27,West,Sports,1,88.28,0.06,83.01,45.53,37.48
ORD01241,2024-11-29,South,Electronics,4,145.57,0.11,519.78,283.46,236.32
ORD00920,2024-11-30,West,Home,1,88.74,0.01,87.81,54.94,32.87
ORD00945,2024-11-30,West,Sports,6,51.8,0.01,307.18,159.79,147.39
ORD01927,2024-11-30,South,Electronics,4,148.1,0.15,503.23,309.99,193.24
ORD00269,2024-11-30,South,Grocery,6,25.05,0.16,126.99,87.99,39.0
ORD01061,2024-11-30,East,Electronics,2,199.19,0.08,367.09,242.71,124.39
ORD00681,2024-11-30,East,Grocery,6,27.81,0.03,161.99,111.47,50.52
ORD01892,2024-12-01,North,Home,6,83.54,0.05,476.69,331.58,145.11
ORD01438,2024-12-01,East,Home,4,106.5,0.15,363.49,277.54,85.96
ORD00795,2024-12-01,East,Grocery,18,22.78,0.03,399.6,269.72,129.88
ORD01724,2024-12-02,South,Clothing,6,53.62,0.02,314.75,237.39,77.36
ORD01753,2024-12-02,East,Clothing,3,60.3,0.01,178.25,111.05,67.21
ORD02136,2024-12-03,West,Sports,2,50.83,0.1,91.56,50.35,41.21
ORD00468,2024-12-03,West,Grocery,7,25.49,0.03,172.97,131.3,41.67
ORD00136,2024-12-03,East,Electronics,1,242.27,0.09,220.21,140.05,80.16
ORD00226,2024-12-03,East,Grocery,8,27.35,0.04,210.06,155.45,54.61
ORD00317,2024-12-04,North,Grocery,6,21.47,0.09,116.61,71.26,45.35
ORD02171,2024-12-04,North,Electronics,1,206.89,0.16,173.46,112.56,60.91
ORD01856,2024-12-04,West,Grocery,3,17.93,0.16,45.18,32.39,12.79
ORD00648,2024-12-04,East,Electronics,2,178.54,0.08,329.43,231.79,97.65
ORD00172,2024-12-05,South,Sports,6,58.6,0.04,337.87,209.16,128.72
ORD00756,2024-12-05,South,Grocery,6,14.64,0.03,85.55,63.14,22.41
ORD00938,2024-12-05,West,Sports,2,65.77,0.03,127.03,81.86,45.17
ORD02200,2024-12-06,North,Electronics,1,194.98,0.04,187.81,99.01,88.8
ORD00604,2024-12-06,East,Electronics,1,120.58,0.07,112.42,74.48,37.94
ORD01905,2024-12-08,East,Clothing,8,61.36,0.09,445.58,255.19,190.39
ORD01481,2024-12-08,West,Grocery,2,30.95,0.07,57.61,31.07,26.54
ORD00902,2024-12-08,North,Grocery,7,17.85,0.04,120.01,79.15,40.86
ORD01799,2024-12-09,North,Clothing,3,39.47,0.07,110.13,81.45,28.67
ORD00017,2024-12-10,North,Grocery,10,29.66,0.07,276.26,180.98,95.29
ORD01037,2024-12-10,North,Electronics,1,194.08,0.03,188.83,131.51,57.32
ORD00545,2024-12-10,South,Sports,3,71.62,0.03,209.39,152.11,57.28
ORD01344,2024-12-10,North,Grocery,11,31.94,0.01,346.25,252.37,93.88
ORD00956,2024-12-10,West,Home,3,70.25,0.03,203.85,140.36,63.49
ORD00493,2024-12-10,East,Grocery,6,21.48,0.02,125.96,87.2,38.76
ORD01216,2024-12-10,West,Home,1,80.9,0.08,74.36,52.62,21.74
ORD01909,2024-12-10,South,Home,4,105.84,0.07,394.41,210.48,183.93
ORD01759,2024-12-11,South,Sports,4,71.41,0.01,281.69,157.24,124.45
ORD00995,2024-12-11,East,Electronics,5,207.27,0.01,1029.05,780.33,248.72
ORD01874,2024-12-11,West,Home,3,90.63,0.08,248.83,170.9,77.94
ORD01453,2024-12-12,North,Grocery,6,14.37,0.1,77.21,56.06,21.15
ORD01681,2024-12-12,West,Grocery,9,28.85,0.06,243.08,177.1,65.98
ORD02156,2024-12-12,East,Grocery,13,24.05,0.0,311.25,240.27,70.98
ORD01003,2024-12-12,West,Sports,7,41.04,0.07,268.28,186.72,81.56
ORD01221,2024-12-13,South,Grocery,10,11.82,0.04,113.55,87.81,25.74
ORD00288,2024-12-13,North,Home,3,90.41,0.04,259.66,198.31,61.35
ORD01599,2024-12-13,North,Clothing,1,49.1,0.08,45.29,28.36,16.93
ORD00834,2024-12-14,West,Grocery,8,25.27,0.15,171.69,109.61,62.07
ORD00098,2024-12-14,North,Electronics,2,153.61,0.05,290.77,203.87,86.9
ORD00476,2024-12-14,North,Clothing,6,40.93,0.08,225.31,154.22,71.1
ORD00527,2024-12-15,North,Grocery,6,28.96,0.1,156.93,103.04,53.89
ORD01114,2024-12-15,West,Home,5,85.14,0.07,395.32,249.33,145.99
ORD02195,2024-12-15,East,Electronics,3,314.8,0.06,886.04,622.38,263.66
ORD01736,2024-12-16,West,Home,2,107.04,0.04,205.13,126.8,78.33
ORD01480,2024-12-16,North,Home,5,75.52,0.05,357.1,236.14,120.96
ORD00707,2024-12-17,East,Electronics,3,242.32,0.05,693.24,502.81,190.43
ORD01275,2024-12-17,South,Grocery,11,34.22,0.08,347.59,231.62,115.97
ORD00321,2024-12-18,North,Electronics,2,151.24,0.03,294.18,168.13,126.05
ORD02109,2024-12-18,West,Grocery,10,32.78,0.06,307.65,188.57,119.08
ORD01448,2024-12-18,West,Sports,1,35.22,0.04,33.98,23.02,10.96
ORD00125,2024-12-18,South,Grocery,9,33.94,0.15,260.14,135.78,124.36
ORD01055,2024-12-18,South,Electronics,4,198.56,0.03,767.79,416.35,351.44
ORD00201,2024-12-19,East,Grocery,6,23.09,0.03,134.36,100.65,33.71
ORD00519,2024-12-19,North,Electronics,1,165.8,0.05,158.0,90.39,67.6
ORD01890,2024-12-19,North,Electronics,1,233.49,0.15,198.8,125.17,73.63
ORD01030,2024-12-19,West,Electronics,2,151.09,0.01,298.27,201.66,96.61
ORD00996,2024-12-19,North,Clothing,4,39.76,0.08,145.89,76.5,69.39
ORD01635,2024-12-20,North,Sports,3,113.77,0.08,313.36,194.92,118.44
ORD00433,2024-12-20,South,Sports,2,70.02,0.07,129.94,81.31,48.63
ORD01364,2024-12-20,West,Home,1,86.35,0.02,84.58,47.67,36.91
ORD01678,2024-12-20,South,Sports,3,53.23,0.1,144.0,105.45,38.55
ORD01948,2024-12-20,South,Sports,3,90.63,0.01,267.92,200.15,67.77
ORD01224,2024-12-21,West,Electronics,3,180.74,0.2,434.46,296.1,138.36
ORD01846,2024-12-21,West,Sports,2,55.56,0.07,102.96,54.95,48.01
ORD02111,2024-12-21,North,Home,1,94.86,0.0,94.57,62.99,31.58
ORD01543,2024-12-21,West,Grocery,5,25.39,0.02,124.12,72.3,51.83
ORD01401,2024-12-22,North,Grocery,15,29.13,0.03,425.93,259.13,166.8
ORD01985,2024-12-22,West,Electronics,3,238.7,0.12,632.21,397.52,234.69
ORD00459,2024-12-23,North,Sports,4,53.1,0.06,198.75,121.84,76.91
ORD01028,2024-12-23,West,Electronics,3,169.55,0.08,466.11,256.7,209.41
ORD01509,2024-12-23,East,Home,3,87.72,0.09,240.59,130.6,109.99
ORD01993,2024-12-23,South,Clothing,5,76.9,0.05,365.73,250.89,114.84
ORD00847,2024-12-23,West,Home,4,104.27,0.08,382.26,226.01,156.26
ORD01278,2024-12-24,East,Sports,3,39.98,0.05,114.5,87.04,27.46
ORD00866,2024-12-24,West,Sports,4,73.02,0.08,267.45,149.71,117.74
ORD00373,2024-12-24,East,Grocery,7,16.67,0.09,105.69,68.3,37.39
ORD00741,2024-12-24,North,Electronics,1,169.51,0.06,159.61,109.79,49.83
ORD01133,2024-12-24,North,Home,2,83.79,0.03,163.07,113.56,49.5
ORD00101,2024-12-24,North,Electronics,2,104.44,0.11,185.33,109.44,75.89
ORD01075,2024-12-25,West,Grocery,4,31.37,0.06,117.62,73.24,44.38
ORD01196,2024-12-25,North,Electronics,1,212.35,0.01,210.0,157.02,52.98
ORD00815,2024-12-25,West,Grocery,6,18.93,0.11,101.47,61.82,39.65
ORD01084,2024-12-25,North,Sports,1,68.45,0.03,66.08,37.44,28.64
ORD01214,2024-12-26,South,Home,1,106.31,0.13,92.32,56.18,36.14
ORD01274,2024-12-26,South,Clothing,3,39.53,0.08,108.84,80.81,28.03
ORD01058,2024-12-26,North,Grocery,8,29.23,0.18,191.35,118.3,73.05
ORD01696,2024-12-26,West,Sports,1,67.36,0.09,61.06,46.88,14.17
ORD01849,2024-12-27,West,Electronics,4,211.58,0.16,712.71,468.72,243.99
ORD01085,2024-12-27,North,Electronics,1,142.08,0.03,138.01,92.15,45.86
ORD02028,2024-12-27,North,Electronics,1,161.52,0.04,155.17,117.0,38.16
ORD01387,2024-12-27,North,Home,4,89.93,0.03,347.73,251.19,96.54
ORD00242,2024-12-27,South,Grocery,7,15.85,0.02,108.57,65.69,42.88
ORD00407,2024-12-28,East,Grocery,8,29.06,0.1,208.64,142.5,66.15
ORD02196,2024-12-28,North,Clothing,1,48.26,0.06,45.35,35.16,10.19
ORD00344,2024-12-28,North,Clothing,5,58.42,0.09,266.49,171.37,95.12
ORD00093,2024-12-29,West,Home,2,76.28,0.08,140.48,76.58,63.9
ORD01065,2024-12-29,South,Grocery,9,21.46,0.01,190.81,124.07,66.74
ORD02058,2024-12-29,South,Electronics,2,177.48,0.11,315.34,166.77,148.57
ORD00704,2024-12-31,South,Grocery,14,29.48,0.13,359.99,225.35,134.64
ORD01931,2024-12-31,North,Clothing,6,54.92,0.05,314.29,217.17,97.12
ORD00494,2024-12-31,West,Home,5,96.67,0.1,436.98,275.88,161.1
ORD01523,2024-12-31,West,Home,5,80.41,0.07,375.42,267.68,107.75
ORD00839,2025-01-01,East,Grocery,8,19.64,0.1,141.58,83.05,58.53
ORD02080,2025-01-01,North,Clothing,3,68.58,0.05,196.38,145.45,50.93
ORD00983,2025-01-01,South,Sports,2,65.75,0.15,111.46,76.15,35.31
ORD01911,2025-01-03,West,Grocery,10,22.51,0.1,202.27,124.41,77.86
ORD01285,2025-01-04,North,Clothing,8,53.78,0.02,423.71,310.16,113.55
ORD02124,2025-01-04,East,Home,1,86.25,0.07,79.97,44.19,35.78
ORD00312,2025-01-04,South,Electronics,2,197.07,0.02,385.31,203.49,181.82
ORD00563,2025-01-05,South,Clothing,5,77.54,0.13,338.21,247.87,90.34
ORD01880,2025-01-05,South,Clothing,6,49.87,0.07,279.08,201.14,77.94
ORD02082,2025-01-05,North,Home,3,109.13,0.04,315.7,189.23,126.46
ORD00354,2025-01-05,South,Electronics,3,162.78,0.02,477.7,286.96,190.75
ORD00840,2025-01-05,South,Home,3,72.5,0.02,213.72,161.91,51.81
ORD00751,2025-01-05,West,Electronics,2,136.77,0.14,233.89,146.86,87.03
ORD01281,2025-01-05,North,Clothing,6,73.96,0.1,397.67,271.68,126.0
ORD00636,2025-01-05,West,Electronics,2,151.76,0.07,281.07,173.48,107.59
ORD00367,2025-01-06,North,Electronics,1,205.57,0.05,194.63,113.7,80.93
ORD01772,2025-01-07,West,Sports,3,59.48,0.16,149.69,86.95,62.73
ORD01702,2025-01-07,East,Sports,3,74.49,0.06,209.63,126.31,83.31
ORD01386,2025-01-08,East,Clothing,1,61.06,0.04,58.81,42.16,16.64
ORD00011,2025-01-09,West,Grocery,8,21.71,0.02,169.35,101.35,68.0
ORD01229,2025-01-09,South,Grocery,3,18.0,0.03,52.17,29.04,23.13
ORD01336,2025-01-09,North,Electronics,1,168.17,0.12,148.8,106.52,42.29
ORD01311,2025-01-10,North,Electronics,2,153.12,0.06,288.52,183.52,105.0
ORD00874,2025-01-10,South,Grocery,3,37.24,0.07,103.58,70.6,32.98
ORD00954,2025-01-10,North,Grocery,8,20.04,0.06,151.1,100.05,51.05
ORD00848,2025-01-10,West,Electronics,2,233.3,0.1,421.59,253.86,167.73
ORD01305,2025-01-11,East,Electronics,2,211.82,0.06,397.08,282.66,114.42
ORD01556,2025-01-11,North,Grocery,12,31.47,0.07,351.97,253.32,98.65
ORD01436,2025-01-11,West,Grocery,6,22.89,0.09,125.12,75.65,49.46
ORD01464,2025-01-11,South,Clothing,3,45.44,0.18,112.04,58.69,53.35
ORD01748,2025-01-12,South,Electronics,2,234.41,0.03,453.72,277.23,176.49
ORD01210,2025-01-12,East,Clothing,3,43.69,0.05,124.68,94.61,30.07
ORD01245,2025-01-12,North,Home,4,75.42,0.06,283.56,180.47,103.09
ORD01268,2025-01-12,West,Clothing,2,68.56,0.07,128.12,96.72,31.4
ORD01506,2025-01-13,North,Electronics,1,191.81,0.02,188.71,134.5,54.2
ORD01720,2025-01-13,West,Clothing,6,84.23,0.07,470.74,314.21,156.53
ORD01883,2025-01-14,South,Grocery,11,28.39,0.07,291.18,156.46,134.72
ORD01928,2025-01-15,North,Home,4,76.91,0.06,288.12,164.1,124.02
ORD00532,2025-01-15,West,Sports,5,70.01,0.08,322.95,247.13,75.82
ORD02006,2025-01-15,South,Home,3,94.59,0.08,260.22,168.17,92.05
ORD00694,2025-01-16,West,Grocery,10,28.02,0.06,263.16,191.9,71.26
ORD00745,2025-01-16,South,Grocery,6,35.27,0.13,183.51,121.37,62.14
ORD00012,2025-01-16,West,Electronics,2,212.48,0.16,357.38,238.56,118.81
ORD00273,2025-01-16,East,Grocery,8,27.3,0.05,207.69,129.26,78.42
ORD01743,2025-01-16,East,Clothing,4,70.94,0.0,283.43,208.9,74.53
ORD02104,2025-01-16,South,Home,5,93.11,0.11,415.64,229.59,186.05
ORD00612,2025-01-17,East,Home,4,38.03,0.07,142.11,93.58,48.53
ORD00885,2025-01-18,South,Grocery,6,25.03,0.14,129.46,98.58,30.88
ORD00743,2025-01-18,South,Grocery,4,18.7,0.05,71.16,38.01,33.15
ORD01496,2025-01-19,West,Electronics,2,232.39,0.06,435.42,315.31,120.12
ORD00220,2025-01-19,West,Grocery,5,17.4,0.04,83.58,55.53,28.05
ORD00116,2025-01-20,East,Home,4,98.76,0.02,385.47,218.87,166.6
ORD00202,2025-01-20,East,Clothing,5,51.48,0.09,233.39,173.97,59.43
ORD00162,2025-01-20,North,Clothing,3,62.57,0.09,170.45,97.61,72.83
ORD00629,2025-01-21,North,Clothing,9,72.19,0.13,563.64,297.17,266.48
ORD00463,2025-01-21,East,Sports,4,69.22,0.04,264.68,199.49,65.18
ORD01205,2025-01-21,East,Electronics,1,285.92,0.05,272.88,204.87,68.0
ORD01977,2025-01-21,East,Clothing,3,38.32,0.07,106.84,66.42,40.42
ORD01435,2025-01-21,South,Grocery,6,21.93,0.14,113.26,82.73,30.53
ORD01346,2025-01-22,East,Electronics,4,148.74,0.07,554.48,307.19,247.29
ORD01530,2025-01-22,East,Electronics,3,169.25,0.02,496.73,313.59,183.14
ORD00320,2025-01-22,South,Electronics,3,149.91,0.06,424.03,239.9,184.12
ORD01601,2025-01-22,North,Grocery,6,26.2,0.03,151.84,109.74,42.1
ORD00309,2025-01-22,East,Grocery,11,20.63,0.07,210.33,163.89,46.43
ORD00004,2025-01-23,South,Sports,3,79.98,0.06,224.77,137.84,86.93
ORD00351,2025-01-24,South,Electronics,2,147.24,0.12,258.54,201.16,57.39
ORD02189,2025-01-24,West,Clothing,1,53.79,0.13,46.63,30.36,16.27
ORD01697,2025-01-24,South,Clothing,4,21.1,0.04,81.06,42.25,38.81
ORD00722,2025-01-24,South,Sports,5,87.39,0.07,406.7,311.69,95.01
ORD01195,2025-01-25,East,Grocery,6,23.74,0.06,133.58,80.44,53.15
ORD01658,2025-01-25,West,Grocery,10,24.93,0.05,236.16,135.65,100.52
ORD01835,2025-01-25,North,Grocery,6,26.53,0.08,145.88,80.76,65.12
ORD00962,2025-01-26,South,Clothing,3,70.05,0.06,197.4,143.49,53.92
ORD02030,2025-01-26,North,Grocery,7,26.58,0.06,175.61,101.17,74.44
ORD02102,2025-01-26,North,Clothing,4,51.19,0.13,178.55,104.04,74.52
ORD00740,2025-01-26,North,Home,1,68.37,0.03,66.08,37.36,28.72
ORD00520,2025-01-27,West,Home,3,91.98,0.06,260.28,148.52,111.77
ORD00031,2025-01-28,West,Home,2,70.59,0.14,121.56,64.32,57.24
ORD00927,2025-01-28,North,Home,4,77.89,0.13,271.89,158.17,113.73
ORD01630,2025-01-28,North,Clothing,1,51.67,0.06,48.74,34.09,14.65
ORD02199,2025-01-28,West,Clothing,6,52.6,0.1,282.91,150.74,132.18
ORD00970,2025-01-29,West,Home,3,90.11,0.07,250.92,194.24,56.68
ORD01963,2025-01-29,South,Grocery,10,30.6,0.08,281.23,172.93,108.3
ORD01814,2025-01-29,West,Electronics,1,208.57,0.06,196.69,135.76,60.93
ORD01100,2025-01-31,North,Grocery,12,28.26,0.04,326.7,254.55,72.15
ORD01355,2025-01-31,East,Grocery,5,18.03,0.07,83.68,44.75,38.93
ORD00057,2025-01-31,South,Electronics,2,166.2,0.1,299.2,164.04,135.16
ORD02089,2025-01-31,East,Home,1,80.22,0.06,75.4,48.72,26.68
ORD00189,2025-02-01,West,Sports,4,95.02,0.06,357.4,265.43,91.96
ORD00686,2025-02-01,South,Sports,2,27.76,0.15,47.3,35.6,11.69
ORD01531,2025-02-02,North,Grocery,6,23.56,0.01,139.89,101.56,38.33
ORD01902,2025-02-02,East,Home,2,100.02,0.04,191.41,129.17,62.23
ORD02057,2025-02-02,West,Clothing,2,36.04,0.05,68.41,37.08,31.33
ORD00716,2025-02-02,South,Electronics,3,114.03,0.14,294.44,218.72,75.72
ORD01327,2025-02-02,West,Electronics,3,231.57,0.07,648.3,469.05,179.26
ORD01350,2025-02-03,North,Sports,3,55.14,0.17,138.12,103.38,34.74
ORD01369,2025-02-03,East,Home,6,97.15,0.03,562.9,326.11,236.79
ORD01515,2025-02-03,West,Grocery,13,23.98,0.03,303.14,218.47,84.67
ORD00811,2025-02-03,North,Sports,3,85.29,0.18,210.16,143.63,66.53
ORD01497,2025-02-04,South,Electronics,5,184.1,0.05,876.77,632.16,244.61
ORD01618,2025-02-04,East,Sports,2,117.1,0.15,199.12,145.76,53.37
ORD00941,2025-02-05,South,Sports,6,77.7,0.14,400.99,269.23,131.76
ORD00615,2025-02-05,South,Sports,4,55.26,0.06,207.85,139.98,67.86
ORD01178,2025-02-05,East,Clothing,3,63.68,0.06,178.68,96.43,82.25
ORD01589,2025-02-06,South,Clothing,4,67.79,0.07,251.72,157.23,94.49
ORD00424,2025-02-06,South,Electronics,2,125.59,0.11,222.37,152.87,69.51
ORD00788,2025-02-06,East,Clothing,8,62.66,0.06,470.19,340.73,129.46
ORD01853,2025-02-06,South,Clothing,2,53.5,0.15,90.49,49.54,40.95
ORD02024,2025-02-07,West,Grocery,8,26.58,0.01,210.93,135.43,75.5
ORD00709,2025-02-07,West,Grocery,10,33.43,0.07,311.43,174.05,137.38
ORD01076,2025-02-07,North,Grocery,5,28.88,0.03,139.69,79.51,60.18
ORD01199,2025-02-07,North,Home,3,84.51,0.16,212.66,144.81,67.85
ORD00822,2025-02-07,North,Grocery,6,13.81,0.06,78.22,47.17,31.04
ORD00264,2025-02-07,North,Electronics,3,127.0,0.09,348.13,270.58,77.54
ORD01577,2025-02-07,North,Grocery,3,25.33,0.04,73.16,41.83,31.32
ORD00772,2025-02-07,East,Grocery,8,26.35,0.12,185.37,109.59,75.78
ORD01484,2025-02-08,West,Home,5,74.88,0.12,328.1,220.94,107.16
ORD00583,2025-02-08,West,Grocery,3,17.73,0.18,43.5,27.24,16.26
ORD00281,2025-02-08,North,Sports,1,49.22,0.1,44.32,24.98,19.33
ORD01211,2025-02-09,North,Sports,1,61.38,0.07,57.05,35.78,21.26
ORD02042,2025-02-10,South,Grocery,8,25.43,0.1,183.05,120.37,62.68
ORD01988,2025-02-10,West,Home,7,44.28,0.06,292.42,211.95,80.47
ORD01014,2025-02-10,East,Grocery,7,24.62,0.09,157.0,113.19,43.81
ORD02039,2025-02-11,South,Clothing,4,61.25,0.04,235.51,131.5,104.01
ORD01798,2025-02-11,East,Sports,3,90.95,0.03,265.73,175.44,90.29
ORD01074,2025-02-11,South,Electronics,2,226.12,0.06,422.87,220.54,202.34
ORD01679,2025-02-11,East,Clothing,5,35.72,0.08,165.02,91.69,73.33
ORD02115,2025-02-12,North,Electronics,2,144.73,0.1,261.3,183.59,77.71
ORD00534,2025-02-13,North,Sports,1,77.91,0.06,73.45,46.22,27.23
ORD01477,2025-02-13,South,Sports,1,83.53,0.07,78.08,50.62,27.46
ORD02022,2025-02-13,East,Electronics,2,216.08,0.14,370.83,286.28,84.55
ORD00291,2025-02-13,South,Grocery,7,29.88,0.01,206.49,109.51,96.97
ORD00163,2025-02-14,East,Grocery,6,20.81,0.17,104.22,71.76,32.47
ORD00778,2025-02-15,East,Grocery,4,18.37,0.16,61.4,39.14,22.26
ORD00105,2025-02-15,West,Sports,1,40.81,0.11,36.39,24.43,11.96
ORD00250,2025-02-15,East,Clothing,2,62.4,0.03,120.84,68.83,52.02
ORD00399,2025-02-16,North,Sports,4,50.16,0.15,171.54,89.98,81.56
ORD00637,2025-02-17,East,Clothing,3,48.6,0.06,137.29,94.98,42.31
ORD01226,2025-02-17,North,Grocery,9,16.62,0.08,136.91,79.24,57.67
ORD01918,2025-02-17,West,Home,6,89.47,0.01,531.08,279.07,252.01
ORD01426,2025-02-17,West,Clothing,3,36.93,0.05,105.28,81.95,23.32
ORD00052,2025-02-18,West,Home,1,98.16,0.02,95.88,72.44,23.44
ORD01130,2025-02-18,West,Electronics,1,118.95,0.09,108.47,57.46,51.02
ORD02079,2025-02-19,West,Sports,3,73.16,0.1,197.88,113.95,83.94
ORD00786,2025-02-19,North,Electronics,1,153.2,0.07,143.0,98.11,44.89
ORD01106,2025-02-19,West,Clothing,2,58.01,0.14,100.14,59.24,40.89
ORD01728,2025-02-20,North,Clothing,4,54.65,0.12,192.7,144.7,48.01
ORD02001,2025-02-20,West,Sports,3,63.72,0.1,171.22,115.59,55.63
ORD01722,2025-02-20,North,Electronics,2,93.17,0.11,166.01,109.58,56.44
ORD00347,2025-02-20,North,Grocery,9,27.83,0.07,233.61,164.75,68.86
ORD01411,2025-02-20,South,Sports,4,66.27,0.01,262.14,192.14,69.99
ORD01257,2025-02-22,East,Grocery,4,14.73,0.01,58.39,38.86,19.53
ORD00495,2025-02-22,East,Grocery,6,28.51,0.08,157.01,107.07,49.94
ORD01741,2025-02-23,South,Clothing,3,61.01,0.05,173.16,126.64,46.52
ORD02149,2025-02-24,North,Clothing,3,25.96,0.1,70.1,37.75,32.34
ORD01116,2025-02-25,South,Sports,5,26.67,0.08,123.23,85.05,38.18
ORD00777,2025-02-26,South,Grocery,10,25.58,0.11,228.66,146.03,82.63
ORD01582,2025-02-26,North,Grocery,8,8.27,0.06,62.03,38.61,23.42
ORD02153,2025-02-26,North,Home,5,87.83,0.05,416.52,245.99,170.53
ORD01152,2025-02-26,East,Electronics,3,182.1,0.07,510.68,318.93,191.74
ORD00503,2025-02-27,South,Sports,2,74.94,0.12,132.04,81.18,50.85
ORD01745,2025-02-27,North,Home,5,117.9,0.01,584.95,448.19,136.76
ORD00894,2025-02-28,West,Grocery,4,22.75,0.08,83.68,64.53,19.14
ORD01179,2025-03-01,East,Grocery,7,21.86,0.16,128.95,97.45,31.5
ORD01068,2025-03-02,West,Electronics,4,204.74,0.08,750.72,440.17,310.54
ORD00397,2025-03-02,West,Home,2,63.15,0.12,111.11,75.59,35.52
ORD00708,2025-03-02,North,Clothing,5,46.19,0.04,221.32,141.9,79.42
ORD01403,2025-03-02,East,Clothing,6,48.41,0.08,266.59,195.84,70.75
ORD00556,2025-03-02,South,Electronics,1,210.9,0.03,203.54,131.14,72.41
ORD01151,2025-03-03,West,Sports,5,61.15,0.06,287.68,190.91,96.77
ORD01187,2025-03-03,North,Grocery,7,31.59,0.08,203.56,119.85,83.71
ORD02017,2025-03-03,North,Grocery,8,26.51,0.05,200.47,106.77,93.69
ORD00073,2025-03-03,West,Sports,3,48.71,0.07,136.38,72.29,64.09
ORD00713,2025-03-03,South,Home,5,87.4,0.1,392.76,239.47,153.29
ORD00625,2025-03-04,West,Home,4,69.62,0.05,265.15,188.37,76.77
ORD01885,2025-03-05,West,Grocery,9,19.34,0.11,154.94,85.39,69.55
ORD01800,2025-03-06,North,Clothing,8,43.74,0.03,340.9,264.07,76.83
ORD00796,2025-03-06,North,Grocery,11,23.1,0.12,224.75,142.76,81.98
ORD01747,2025-03-07,North,Sports,3,81.79,0.03,237.03,156.61,80.42
ORD00217,2025-03-07,West,Grocery,15,28.67,0.08,394.0,269.09,124.91
ORD00881,2025-03-07,East,Sports,3,74.45,0.06,210.65,144.49,66.16
ORD00430,2025-03-07,North,Clothing,3,63.69,0.14,164.04,105.89,58.15
ORD00805,2025-03-08,North,Electronics,3,203.81,0.04,587.27,412.31,174.96
ORD00682,2025-03-08,South,Electronics,4,177.6,0.02,698.01,411.42,286.59
ORD00187,2025-03-09,North,Electronics,2,218.78,0.11,391.52,271.81,119.72
ORD01164,2025-03-10,East,Clothing,4,55.95,0.04,215.11,145.13,69.98
ORD00412,2025-03-10,West,Clothing,6,58.06,0.1,314.67,195.94,118.73
ORD00431,2025-03-10,North,Grocery,4,18.71,0.12,65.72,35.93,29.79
ORD00186,2025-03-10,South,Sports,2,41.16,0.13,71.77,42.91,28.86
ORD00992,2025-03-10,East,Home,5,68.06,0.04,325.05,219.59,105.46
ORD01620,2025-03-10,North,Sports,2,45.07,0.06,84.82,47.94,36.89
ORD01801,2025-03-10,East,Home,1,102.1,0.01,100.66,63.24,37.42
ORD00326,2025-03-10,South,Clothing,6,67.36,0.12,357.6,271.05,86.55
ORD00208,2025-03-11,South,Grocery,8,29.01,0.1,209.75,133.78,75.96
ORD01688,2025-03-11,North,Home,6,85.63,0.1,462.32,289.49,172.83
ORD00922,2025-03-12,North,Sports,2,38.36,0.1,68.9,41.28,27.62
ORD01561,2025-03-12,East,Clothing,5,56.42,0.09,256.98,164.99,91.99
ORD01361,2025-03-12,West,Home,4,90.04,0.06,338.69,236.91,101.78
ORD01807,2025-03-13,South,Grocery,10,24.18,0.13,209.98,155.28,54.7
ORD00077,2025-03-13,East,Grocery,9,16.96,0.17,127.17,91.4,35.77
ORD00963,2025-03-13,North,Home,4,67.46,0.05,255.49,173.37,82.12
ORD00020,2025-03-13,East,Electronics,1,78.28,0.03,75.9,42.52,33.39
ORD01129,2025-03-13,North,Home,2,51.94,0.01,102.88,71.26,31.63
ORD02144,2025-03-14,South,Grocery,5,23.51,0.11,104.61,69.95,34.66
ORD01343,2025-03-14,North,Clothing,2,52.63,0.04,100.56,60.22,40.34
ORD00645,2025-03-14,West,Clothing,3,54.46,0.08,150.45,103.88,46.57
ORD00903,2025-03-14,South,Clothing,6,74.21,0.01,440.66,324.11,116.54
ORD01417,2025-03-15,West,Electronics,1,196.66,0.15,167.26,100.05,67.21
ORD00803,2025-03-15,South,Electronics,4,188.68,0.02,736.34,443.85,292.49
ORD00760,2025-03-15,North,Electronics,4,146.32,0.04,559.96,330.17,229.79
ORD01107,2025-03-16,North,Sports,4,39.11,0.03,150.95,107.1,43.85
ORD01017,2025-03-16,West,Grocery,8,20.19,0.03,156.31,95.39,60.92
ORD01876,2025-03-16,West,Sports,4,93.76,0.05,358.09,266.03,92.07
ORD01251,2025-03-17,West,Sports,1,80.92,0.02,79.47,47.56,31.91
ORD00790,2025-03-17,West,Grocery,10,28.54,0.05,271.96,204.52,67.44
ORD00176,2025-03-17,East,Sports,6,71.57,0.07,398.44,247.28,151.16
ORD00846,2025-03-18,South,Grocery,6,9.82,0.08,54.36,38.59,15.77
ORD01672,2025-03-18,South,Sports,5,71.7,0.03,347.4,212.99,134.42
ORD01306,2025-03-18,West,Sports,3,93.42,0.07,259.77,146.57,113.2
ORD00697,2025-03-19,North,Clothing,5,46.29,0.06,218.62,158.67,59.94
ORD00961,2025-03-19,East,Electronics,1,203.05,0.04,194.05,122.47,71.57
ORD02116,2025-03-19,North,Sports,1,44.23,0.09,40.4,28.03,12.38
ORD00997,2025-03-19,North,Electronics,1,197.97,0.06,185.65,105.47,80.18
ORD00554,2025-03-19,West,Home,3,91.33,0.18,223.31,166.37,56.94
ORD01603,2025-03-19,West,Grocery,5,25.8,0.02,127.05,78.11,48.94
ORD01217,2025-03-21,South,Clothing,2,40.61,0.03,78.53,55.56,22.97
ORD01442,2025-03-21,North,Clothing,3,82.43,0.1,223.62,130.61,93.02
ORD01604,2025-03-22,East,Sports,1,52.78,0.01,52.29,35.38,16.91
ORD00873,2025-03-23,South,Grocery,8,23.24,0.02,181.71,97.67,84.04
ORD01734,2025-03-23,West,Grocery,8,24.26,0.06,182.22,120.51,61.71
ORD00991,2025-03-23,East,Grocery,11,29.11,0.04,306.81,218.39,88.42
ORD01767,2025-03-23,South,Home,2,58.59,0.04,112.42,83.75,28.67
ORD00896,2025-03-24,North,Home,1,91.39,0.03,88.47,51.87,36.6
ORD00944,2025-03-24,West,Sports,4,73.23,0.06,274.65,161.46,113.19
ORD02021,2025-03-24,East,Sports,1,48.19,0.01,47.61,27.42,20.19
ORD00723,2025-03-24,East,Grocery,10,28.67,0.06,269.33,159.6,109.73
ORD01934,2025-03-24,West,Home,3,112.15,0.03,326.01,173.82,152.19
ORD00801,2025-03-24,South,Electronics,2,64.44,0.08,118.79,63.4,55.39
ORD00080,2025-03-25,West,Electronics,1,208.41,0.22,163.23,93.29,69.94
ORD01608,2025-03-26,South,Grocery,9,28.29,0.05,241.72,150.78,90.94
ORD00195,2025-03-26,West,Clothing,3,63.7,0.09,173.58,128.21,45.37
ORD01804,2025-03-26,South,Clothing,5,38.52,0.05,182.61,126.36,56.25
ORD01027,2025-03-26,East,Grocery,6,28.23,0.05,160.1,96.22,63.88
ORD01929,2025-03-26,North,Grocery,8,31.57,0.03,245.95,141.87,104.08
ORD01185,2025-03-27,East,Home,3,83.38,0.09,228.73,144.95,83.78
ORD01935,2025-03-27,South,Clothing,7,48.73,0.08,315.14,212.83,102.31
ORD00280,2025-03-27,East,Grocery,9,15.03,0.08,124.89,85.5,39.39
ORD02009,2025-03-27,East,Electronics,1,252.8,0.01,249.84,163.05,86.79
ORD00649,2025-03-28,West,Home,3,102.84,0.01,305.43,237.78,67.64
ORD01942,2025-03-28,East,Grocery,11,31.84,0.07,326.18,172.49,153.68
ORD00466,2025-03-30,North,Electronics,2,133.52,0.02,260.57,147.18,113.4
ORD01707,2025-03-30,East,Clothing,5,53.68,0.04,257.19,161.16,96.04
ORD01787,2025-03-31,East,Electronics,1,50.03,0.05,47.45,28.11,19.33
ORD00255,2025-03-31,South,Home,1,115.42,0.06,107.93,56.15,51.78
ORD00696,2025-04-01,South,Grocery,9,30.29,0.07,253.29,169.48,83.81
ORD01538,2025-04-01,South,Home,4,105.85,0.05,400.63,283.46,117.16
ORD00621,2025-04-01,East,Electronics,1,180.32,0.03,174.44,94.14,80.3
ORD02101,2025-04-01,North,Home,2,98.02,0.13,169.98,107.65,62.33
ORD00014,2025-04-02,North,Clothing,7,30.91,0.09,196.49,124.96,71.53
ORD01677,2025-04-03,South,Grocery,4,33.64,0.09,123.06,67.7,55.36
ORD00450,2025-04-03,West,Clothing,4,54.22,0.11,194.1,140.65,53.45
ORD00854,2025-04-03,East,Clothing,3,39.42,0.11,104.78,79.78,25.0
ORD00972,2025-04-04,North,Electronics,3,180.08,0.07,501.74,305.58,196.16
ORD01649,2025-04-04,South,Home,1,65.9,0.15,55.87,38.11,17.76
ORD01219,2025-04-05,West,Grocery,7,32.08,0.04,215.34,161.55,53.8
ORD00404,2025-04-05,East,Grocery,10,30.42,0.06,286.6,176.42,110.18
ORD00456,2025-04-05,West,Electronics,1,214.42,0.04,205.53,120.81,84.72
ORD00051,2025-04-06,West,Clothing,4,51.34,0.04,198.01,145.4,52.6
ORD01768,2025-04-06,North,Sports,4,40.37,0.1,145.89,98.25,47.64
ORD02067,2025-04-06,South,Sports,1,66.68,0.05,63.61,43.54,20.07
ORD01621,2025-04-07,East,Sports,2,91.5,0.07,170.31,105.83,64.49
ORD02106,2025-04-07,North,Home,5,78.76,0.09,360.25,256.16,104.09
ORD00196,2025-04-07,West,Grocery,8,42.5,0.04,327.38,228.59,98.79
ORD01559,2025-04-07,East,Grocery,9,24.69,0.04,213.04,133.51,79.54
ORD00552,2025-04-08,East,Home,5,56.79,0.17,236.28,149.02,87.27
ORD01961,2025-04-09,East,Grocery,7,21.93,0.13,133.89,100.7,33.19
ORD01662,2025-04-09,South,Electronics,3,199.57,0.06,560.37,300.35,260.02
ORD02154,2025-04-09,East,Home,4,62.37,0.18,204.8,131.0,73.8
ORD01820,2025-04-09,South,Grocery,11,23.98,0.04,251.98,137.72,114.25
ORD00477,2025-04-10,East,Sports,3,66.32,0.06,187.09,145.78,41.31
ORD01592,2025-04-10,South,Electronics,2,198.72,0.09,362.02,210.77,151.25
ORD00732,2025-04-11,East,Home,6,80.04,0.04,461.86,258.99,202.87
ORD01908,2025-04-11,North,Grocery,10,32.02,0.04,307.37,216.91,90.45
ORD00461,2025-04-11,South,Grocery,9,22.2,0.17,165.96,120.01,45.95
ORD01193,2025-04-12,East,Electronics,2,233.38,0.02,457.18,296.1,161.08
ORD00168,2025-04-12,North,Electronics,4,194.62,0.15,663.4,474.56,188.84
ORD00597,2025-04-13,West,Grocery,9,25.22,0.13,196.52,134.08,62.44
ORD00352,2025-04-13,North,Home,2,68.52,0.12,120.83,81.5,39.33
ORD02150,2025-04-13,North,Clothing,6,66.32,0.1,359.3,275.09,84.21
ORD00274,2025-04-13,West,Home,2,100.19,0.03,193.66,140.6,53.06
ORD01093,2025-04-13,West,Home,4,81.94,0.02,321.05,226.56,94.48
ORD00258,2025-04-13,West,Home,2,69.4,0.07,129.68,71.19,58.49
ORD01262,2025-04-13,East,Clothing,4,58.19,0.12,204.51,143.17,61.35
ORD00810,2025-04-13,West,Grocery,12,26.0,0.11,278.83,184.28,94.56
ORD02100,2025-04-14,South,Grocery,5,30.37,0.01,149.63,107.23,42.4
ORD01163,2025-04-14,North,Electronics,4,198.87,0.02,782.33,501.36,280.97
ORD01004,2025-04-14,South,Electronics,3,150.92,0.07,421.29,220.4,200.89
ORD00658,2025-04-14,West,Grocery,8,28.37,0.03,221.29,128.05,93.25
ORD01113,2025-04-14,West,Sports,2,69.94,0.09,127.41,98.86,28.55
ORD02158,2025-04-14,South,Grocery,10,34.46,0.18,281.04,191.98,89.06
ORD01191,2025-04-14,East,Grocery,9,20.6,0.07,172.04,116.41,55.63
ORD00329,2025-04-14,South,Grocery,5,19.09,0.04,91.52,66.25,25.28
ORD00528,2025-04-14,West,Clothing,2,52.27,0.06,98.18,76.11,22.07
ORD01035,2025-04-16,East,Clothing,5,65.03,0.03,313.94,182.88,131.06
ORD01674,2025-04-16,South,Electronics,1,151.39,0.02,148.46,106.48,41.97
ORD00124,2025-04-16,East,Sports,2,52.58,0.07,97.64,76.08,21.55
ORD01760,2025-04-16,West,Sports,1,105.22,0.07,98.03,55.37,42.67
ORD00239,2025-04-17,North,Clothing,3,58.38,0.05,166.16,112.91,53.25
ORD00314,2025-04-17,West,Grocery,9,24.83,0.08,205.93,121.57,84.36
ORD01774,2025-04-17,East,Electronics,4,201.04,0.05,765.9,410.89,355.01
ORD00357,2025-04-17,North,Clothing,9,48.57,0.13,379.76,281.81,97.95
ORD01351,2025-04-18,West,Electronics,5,235.78,0.1,1062.68,788.05,274.63
ORD00977,2025-04-18,South,Home,4,40.27,0.02,158.47,96.37,62.1
ORD01153,2025-04-18,South,Sports,2,65.3,0.08,120.05,67.43,52.63
ORD00266,2025-04-18,North,Grocery,2,14.86,0.06,27.9,21.16,6.75
ORD01914,2025-04-18,West,Grocery,9,25.92,0.1,209.49,133.2,76.29
ORD01545,2025-04-19,South,Home,1,52.54,0.15,44.7,24.71,19.98
ORD00769,2025-04-19,West,Clothing,2,74.85,0.13,130.59,77.29,53.3
ORD02015,2025-04-19,East,Clothing,4,56.58,0.04,217.74,128.02,89.72
ORD02170,2025-04-20,South,Grocery,6,23.97,0.08,132.39,95.47,36.93
ORD02108,2025-04-20,West,Clothing,3,36.48,0.04,105.43,78.84,26.59
ORD01112,2025-04-20,West,Sports,1,87.88,0.07,82.07,60.64,21.43
ORD02121,2025-04-20,North,Grocery,6,32.56,0.08,179.12,119.91,59.22
ORD02181,2025-04-21,North,Home,3,94.52,0.01,280.12,200.78,79.34
ORD00549,2025-04-22,South,Electronics,1,184.95,0.01,182.36,127.35,55.01
ORD00728,2025-04-22,East,Electronics,4,221.94,0.04,854.03,545.29,308.74
ORD00659,2025-04-22,North,Sports,5,77.99,0.03,376.83,260.66,116.17
ORD00909,2025-04-23,East,Home,2,99.19,0.07,183.6,131.3,52.3
ORD01821,2025-04-23,East,Clothing,2,91.59,0.14,157.63,86.65,70.99
ORD01980,2025-04-24,East,Electronics,1,170.04,0.04,162.65,107.63,55.02
ORD00303,2025-04-25,West,Clothing,6,61.81,0.04,355.82,195.41,160.4
ORD01922,2025-04-25,North,Clothing,7,29.4,0.08,188.68,105.8,82.88
ORD01691,2025-04-26,North,Home,1,84.67,0.03,81.87,59.58,22.29
ORD01334,2025-04-26,South,Home,1,70.02,0.04,67.16,44.81,22.34
ORD01712,2025-04-26,South,Electronics,1,108.74,0.06,102.01,69.8,32.21
ORD01404,2025-04-26,West,Electronics,6,149.85,0.04,867.31,589.17,278.14
ORD00521,2025-04-27,East,Home,4,115.04,0.11,410.41,263.83,146.58
ORD01713,2025-04-27,West,Grocery,14,27.02,0.04,362.58,234.87,127.71
ORD00342,2025-04-27,East,Sports,4,75.56,0.05,287.95,154.41,133.53
ORD01269,2025-04-27,South,Clothing,2,82.27,0.17,136.5,93.09,43.41
ORD00478,2025-04-27,East,Grocery,7,21.19,0.12,129.95,78.31,51.64
ORD02183,2025-04-28,East,Clothing,2,52.12,0.05,98.67,58.7,39.98
ORD01071,2025-04-28,South,Clothing,2,50.17,0.22,77.98,59.75,18.23
ORD01793,2025-04-28,West,Grocery,11,28.93,0.06,299.62,161.34,138.28
ORD00257,2025-04-29,South,Sports,3,57.95,0.05,165.2,103.45,61.75
ORD01726,2025-04-30,South,Electronics,1,198.25,0.05,188.08,129.14,58.94
ORD00207,2025-04-30,North,Grocery,5,32.72,0.05,155.5,84.39,71.11
ORD00480,2025-04-30,South,Home,4,75.23,0.05,285.72,181.1,104.62
ORD01298,2025-04-30,South,Grocery,5,24.69,0.02,121.41,82.96,38.45
ORD01008,2025-05-01,South,Home,2,76.79,0.06,143.69,85.86,57.83
ORD01730,2025-05-01,North,Grocery,9,20.24,0.03,177.13,112.13,65.0
ORD00616,2025-05-02,North,Electronics,1,119.25,0.06,112.32,76.84,35.48
ORD01771,2025-05-02,West,Home,1,46.08,0.05,43.94,27.24,16.69
ORD00005,2025-05-02,South,Grocery,12,35.87,0.04,411.87,274.43,137.44
ORD01024,2025-05-02,West,Grocery,9,27.55,0.02,242.94,139.39,103.54
ORD01156,2025-05-02,West,Clothing,3,51.66,0.05,147.0,77.9,69.1
ORD00663,2025-05-03,North,Grocery,9,24.64,0.12,194.34,147.59,46.76
ORD01036,2025-05-04,North,Electronics,1,152.52,0.06,142.61,83.83,58.78
ORD00993,2025-05-04,North,Grocery,6,23.69,0.02,138.77,89.58,49.19
ORD02097,2025-05-04,East,Sports,1,75.76,0.11,67.7,40.73,26.97
ORD00070,2025-05-04,West,Clothing,4,59.39,0.13,207.31,138.19,69.12
ORD01878,2025-05-04,West,Sports,4,74.35,0.04,286.9,157.5,129.4
ORD00447,2025-05-04,East,Electronics,3,173.92,0.1,468.33,250.18,218.15
ORD01473,2025-05-04,North,Grocery,11,14.54,0.04,153.52,111.33,42.19
ORD00464,2025-05-05,East,Home,2,84.66,0.03,163.91,116.58,47.33
ORD00479,2025-05-05,West,Electronics,1,187.12,0.09,171.19,97.07,74.12
ORD01705,2025-05-06,East,Sports,5,50.84,0.07,236.57,132.81,103.76
ORD00279,2025-05-06,East,Electronics,1,110.88,0.02,108.79,57.45,51.34
ORD00008,2025-05-06,North,Clothing,8,19.99,0.09,144.78,98.15,46.64
ORD01862,2025-05-06,East,Clothing,2,50.42,0.11,90.18,68.26,21.92
ORD01246,2025-05-07,East,Clothing,5,64.04,0.1,288.26,173.74,114.52
ORD02117,2025-05-07,North,Grocery,6,23.45,0.03,137.08,76.87,60.21
ORD01237,2025-05-07,East,Sports,1,88.39,0.04,84.86,58.2,26.66
ORD02037,2025-05-07,West,Grocery,6,14.66,0.04,84.64,53.14,31.49
ORD00149,2025-05-07,North,Clothing,1,58.51,0.04,56.35,39.49,16.86
ORD01923,2025-05-08,East,Grocery,10,16.13,0.14,138.41,101.22,37.18
ORD00734,2025-05-08,North,Grocery,9,18.06,0.08,149.84,108.7,41.14
ORD00049,2025-05-08,South,Electronics,2,170.59,0.09,311.93,215.73,96.2
ORD00975,2025-05-08,South,Grocery,7,28.0,0.05,185.38,111.47,73.92
ORD00559,2025-05-08,East,Sports,2,62.27,0.13,108.05,77.63,30.42
ORD00227,2025-05-09,North,Electronics,2,119.45,0.08,220.49,144.0,76.49
ORD01168,2025-05-09,North,Clothing,3,51.28,0.04,147.02,77.09,69.93
ORD01034,2025-05-09,East,Grocery,9,21.51,0.06,181.89,108.03,73.86
ORD02019,2025-05-09,North,Electronics,1,183.1,0.06,171.97,122.68,49.29
ORD01593,2025-05-09,West,Clothing,8,63.54,0.02,498.4,366.79,131.61
ORD01023,2025-05-10,East,Grocery,7,23.41,0.03,158.81,91.37,67.45
ORD00748,2025-05-10,North,Sports,4,95.87,0.02,374.3,277.36,96.94
ORD01834,2025-05-11,South,Home,3,98.18,0.03,286.77,198.8,87.97
ORD02072,2025-05-11,East,Grocery,6,25.03,0.08,138.19,83.34,54.85
ORD00964,2025-05-11,East,Grocery,4,25.66,0.08,94.02,59.01,35.02
ORD00129,2025-05-12,West,Clothing,3,43.14,0.14,111.24,71.41,39.83
ORD01222,2025-05-12,South,Home,3,103.73,0.03,301.57,196.99,104.58
ORD02061,2025-05-12,West,Electronics,2,104.32,0.08,192.48,117.01,75.47
ORD01502,2025-05-12,South,Clothing,4,76.1,0.1,272.95,147.14,125.8
ORD00179,2025-05-13,South,Electronics,1,147.27,0.1,131.94,76.35,55.58
ORD01198,2025-05-13,North,Home,4,91.3,0.08,334.94,221.66,113.28
ORD00671,2025-05-13,North,Clothing,3,55.9,0.19,136.6,72.71,63.88
ORD01901,2025-05-13,West,Sports,4,54.24,0.15,184.19,139.76,44.43
ORD00767,2025-05-13,South,Sports,3,76.93,0.01,227.9,123.0,104.9
ORD01248,2025-05-14,West,Electronics,3,174.38,0.02,515.11,305.24,209.88
ORD01057,2025-05-14,South,Electronics,4,196.12,0.11,697.27,503.16,194.1
ORD00471,2025-05-14,West,Electronics,3,249.62,0.01,743.37,545.27,198.1
ORD00248,2025-05-14,South,Home,3,87.15,0.03,254.59,148.96,105.63
ORD01943,2025-05-14,South,Home,1,65.79,0.13,57.39,36.44,20.95
ORD00765,2025-05-15,North,Electronics,1,142.16,0.07,131.79,86.31,45.48
ORD00290,2025-05-16,West,Electronics,3,199.29,0.09,544.0,370.95,173.06
ORD01777,2025-05-16,West,Clothing,3,69.0,0.14,178.27,129.88,48.4
ORD01656,2025-05-17,East,Grocery,7,17.4,0.08,112.43,63.18,49.25
ORD01393,2025-05-18,South,Grocery,7,27.27,0.01,188.89,101.49,87.4
ORD01033,2025-05-19,West,Clothing,4,51.33,0.05,195.22,134.35,60.87
ORD00271,2025-05-19,South,Grocery,8,20.12,0.1,144.45,85.58,58.87
ORD00952,2025-05-19,South,Home,2,114.31,0.11,203.18,147.57,55.61
ORD01174,2025-05-19,West,Clothing,4,64.31,0.12,225.36,172.04,53.32
ORD01365,2025-05-20,East,Grocery,7,31.73,0.03,215.38,163.99,51.39
ORD00487,2025-05-20,South,Sports,1,67.1,0.08,62.0,37.37,24.63
ORD00939,2025-05-20,South,Grocery,12,26.08,0.07,291.02,189.84,101.19
ORD01227,2025-05-20,East,Home,2,49.23,0.06,92.18,69.82,22.36
ORD00581,2025-05-20,South,Clothing,8,80.9,0.05,614.83,441.35,173.48
ORD00166,2025-05-20,West,Clothing,4,47.79,0.03,185.71,109.32,76.39
ORD00693,2025-05-21,East,Clothing,2,62.72,0.1,112.33,86.36,25.97
ORD01693,2025-05-22,West,Clothing,3,29.21,0.05,83.67,50.47,33.2
ORD01459,2025-05-22,North,Grocery,11,34.52,0.06,358.07,247.97,110.1
ORD01775,2025-05-22,West,Sports,4,73.41,0.06,276.68,151.94,124.73
ORD00388,2025-05-22,East,Clothing,1,39.23,0.08,36.01,22.86,13.15
ORD00539,2025-05-22,West,Sports,2,83.34,0.04,159.78,104.96,54.81
ORD01823,2025-05-23,South,Grocery,8,22.4,0.08,164.87,103.74,61.13
ORD01089,2025-05-23,North,Home,3,71.71,0.03,209.37,144.31,65.05
ORD00308,2025-05-24,North,Sports,2,35.4,0.1,63.99,45.81,18.18
ORD00641,2025-05-24,South,Grocery,10,16.71,0.06,157.0,90.3,66.7
ORD00678,2025-05-24,East,Electronics,2,154.6,0.03,298.84,156.81,142.03
ORD02059,2025-05-24,East,Grocery,3,17.65,0.1,47.53,35.38,12.15
ORD01206,2025-05-25,North,Grocery,8,29.16,0.09,212.96,143.34,69.62
ORD01606,2025-05-25,North,Electronics,1,236.65,0.08,218.86,141.72,77.14
ORD00467,2025-05-26,North,Electronics,1,207.93,0.2,166.68,98.29,68.39
ORD00002,2025-05-26,North,Electronics,1,78.76,0.02,76.88,50.5,26.39
ORD01947,2025-05-26,West,Home,1,85.28,0.02,83.39,60.56,22.82
ORD01946,2025-05-26,South,Home,5,55.94,0.13,242.66,179.14,63.51
ORD00235,2025-05-26,South,Clothing,5,66.93,0.05,317.95,175.16,142.79
ORD01896,2025-05-26,West,Grocery,11,30.78,0.07,316.53,242.0,74.53
ORD01319,2025-05-27,South,Home,5,100.84,0.07,470.62,360.07,110.54
ORD00817,2025-05-27,West,Electronics,1,204.01,0.07,190.1,136.68,53.42
ORD01304,2025-05-27,East,Grocery,3,21.2,0.2,51.03,36.02,15.01
ORD01981,2025-05-27,South,Sports,1,79.4,0.02,77.98,43.72,34.25
ORD01094,2025-05-27,South,Grocery,4,29.48,0.14,101.89,78.09,23.79
ORD01192,2025-05-27,South,Grocery,14,16.18,0.06,212.82,129.92,82.9
ORD01882,2025-05-28,West,Sports,1,75.79,0.04,72.57,55.96,16.62
ORD02003,2025-05-28,North,Home,3,79.48,0.19,192.48,135.99,56.49
ORD00537,2025-05-28,East,Sports,5,70.62,0.1,316.69,198.97,117.71
ORD00094,2025-05-28,North,Clothing,2,44.36,0.04,85.38,64.65,20.73
ORD01725,2025-05-28,West,Clothing,5,42.27,0.01,209.17,122.67,86.5
ORD00907,2025-05-28,North,Electronics,2,158.06,0.08,290.42,170.96,119.46
ORD00438,2025-05-29,East,Grocery,7,32.5,0.11,202.14,129.23,72.91
ORD00893,2025-05-29,South,Grocery,9,10.53,0.1,85.22,66.46,18.75
ORD01655,2025-05-29,East,Sports,2,79.98,0.02,156.64,111.92,44.72
ORD01184,2025-05-29,North,Electronics,5,224.46,0.02,1097.26,763.51,333.75
ORD00359,2025-05-29,West,Sports,5,104.56,0.08,480.0,265.13,214.87
ORD00572,2025-05-29,West,Home,1,73.06,0.07,68.26,51.5,16.77
ORD01213,2025-05-30,North,Home,4,78.35,0.02,307.75,207.39,100.36
ORD00575,2025-05-30,South,Grocery,6,17.59,0.07,98.08,70.51,27.57
ORD00656,2025-05-30,East,Grocery,6,28.5,0.08,157.14,109.92,47.22
ORD00724,2025-05-31,South,Home,3,89.03,0.08,245.17,191.16,54.01
ORD00022,2025-05-31,East,Clothing,4,38.75,0.03,150.69,96.67,54.01
ORD01549,2025-05-31,West,Home,4,61.14,0.04,235.36,124.92,110.44
ORD01270,2025-05-31,West,Grocery,2,25.0,0.08,46.07,34.94,11.13
ORD01969,2025-05-31,East,Grocery,15,31.13,0.04,450.35,263.88,186.47
ORD01009,2025-05-31,East,Sports,6,67.18,0.08,372.57,269.46,103.11
ORD00013,2025-06-01,South,Grocery,6,32.79,0.08,180.12,137.84,42.28
ORD01356,2025-06-01,West,Electronics,1,221.32,0.02,216.89,161.11,55.78
ORD01258,2025-06-01,West,Home,1,71.05,0.03,68.79,45.24,23.55
ORD02044,2025-06-02,West,Grocery,5,19.21,0.14,82.52,45.52,37.0
ORD00044,2025-06-02,North,Grocery,8,27.98,0.05,213.25,123.31,89.94
ORD00275,2025-06-04,South,Home,5,97.31,0.01,481.79,368.43,113.36
ORD01607,2025-06-04,North,Clothing,5,54.21,0.27,196.77,132.3,64.47
ORD01476,2025-06-04,North,Home,1,60.35,0.04,58.08,37.73,20.35
ORD00174,2025-06-04,East,Electronics,3,116.43,0.02,343.17,188.66,154.51
ORD01048,2025-06-04,North,Home,5,87.84,0.15,373.6,258.39,115.21
ORD01637,2025-06-05,East,Sports,1,74.66,0.03,72.36,54.95,17.41
ORD00766,2025-06-05,East,Grocery,4,23.16,0.04,89.22,52.56,36.67
ORD01529,2025-06-05,East,Home,5,105.92,0.13,461.9,310.74,151.17
ORD01718,2025-06-06,West,Grocery,8,16.72,0.04,127.77,93.91,33.86
ORD01102,2025-06-07,South,Electronics,2,198.32,0.08,363.32,278.08,85.24
ORD00978,2025-06-08,East,Clothing,3,71.55,0.22,166.87,92.22,74.65
ORD00209,2025-06-09,South,Home,4,56.94,0.01,226.32,133.21,93.11
ORD01916,2025-06-09,North,Electronics,1,166.22,0.19,134.17,86.15,48.03
ORD00933,2025-06-09,West,Electronics,2,206.36,0.05,390.83,274.68,116.14
ORD01108,2025-06-10,East,Grocery,3,13.66,0.06,38.41,26.59,11.82
ORD00019,2025-06-10,East,Clothing,8,61.32,0.15,419.14,241.44,177.71
ORD01671,2025-06-11,South,Grocery,9,23.67,0.09,193.75,111.17,82.58
ORD00965,2025-06-11,West,Grocery,13,29.76,0.11,344.77,219.68,125.09
ORD00577,2025-06-12,South,Clothing,1,24.88,0.01,24.74,15.24,9.5
ORD01710,2025-06-12,East,Electronics,3,130.87,0.05,371.25,203.32,167.94
ORD01392,2025-06-13,North,Grocery,7,27.44,0.14,164.98,86.68,78.3
ORD00638,2025-06-13,North,Grocery,6,28.97,0.1,156.41,93.0,63.42
ORD01740,2025-06-13,West,Grocery,7,24.7,0.17,143.99,101.86,42.13
ORD01142,2025-06-13,North,Home,6,63.3,0.02,373.99,287.27,86.72
ORD00045,2025-06-14,South,Home,6,101.35,0.14,521.01,330.5,190.51
ORD00453,2025-06-15,East,Home,2,77.72,0.03,150.89,93.54,57.35
ORD00300,2025-06-15,North,Electronics,2,148.15,0.13,257.01,167.68,89.33
ORD01995,2025-06-16,North,Clothing,6,61.95,0.03,362.11,224.49,137.62
ORD00599,2025-06-17,East,Clothing,6,53.36,0.06,299.66,222.51,77.14
ORD00062,2025-06-17,East,Sports,4,24.47,0.05,93.05,55.68,37.37
ORD01663,2025-06-17,South,Clothing,4,74.07,0.06,279.66,158.57,121.09
ORD01312,2025-06-17,North,Electronics,1,159.66,0.03,154.74,108.85,45.88
ORD02138,2025-06-17,South,Clothing,3,47.34,0.0,141.7,84.09,57.6
ORD02190,2025-06-18,South,Grocery,4,31.81,0.06,120.23,78.7,41.53
ORD01232,2025-06-18,South,Sports,3,32.99,0.01,97.87,63.52,34.35
ORD00369,2025-06-18,South,Sports,4,77.19,0.01,305.42,232.79,72.63
ORD01123,2025-06-20,East,Grocery,5,23.26,0.05,110.6,62.36,48.24
ORD00247,2025-06-20,North,Grocery,13,28.31,0.06,345.2,268.33,76.87
ORD00761,2025-06-20,North,Home,1,79.18,0.07,73.65,56.69,16.96
ORD00445,2025-06-20,North,Home,3,104.15,0.01,308.14,210.38,97.76
ORD01374,2025-06-21,North,Clothing,2,68.75,0.07,127.9,89.81,38.08
ORD00509,2025-06-21,North,Clothing,2,52.77,0.02,103.9,61.06,42.84
ORD00037,2025-06-21,West,Home,3,89.33,0.02,261.55,172.16,89.39
ORD01279,2025-06-21,North,Grocery,4,31.01,0.05,117.67,63.25,54.41
ORD01643,2025-06-22,East,Home,1,83.14,0.13,72.26,46.75,25.51
ORD00872,2025-06-23,North,Grocery,11,13.21,0.04,139.66,100.14,39.53
ORD01844,2025-06-23,South,Electronics,3,228.78,0.04,657.26,361.12,296.14
ORD01338,2025-06-23,South,Grocery,12,30.05,0.03,348.06,226.75,121.32
ORD00814,2025-06-23,South,Home,1,87.06,0.06,81.79,55.89,25.9
ORD01666,2025-06-24,East,Grocery,5,23.37,0.09,106.91,57.81,49.09
ORD00607,2025-06-24,South,Grocery,13,32.71,0.04,406.3,255.52,150.77
ORD00878,2025-06-24,East,Home,1,44.36,0.13,38.68,22.95,15.73
ORD01609,2025-06-24,North,Sports,4,89.86,0.02,352.66,268.31,84.35
ORD00068,2025-06-24,West,Grocery,5,26.24,0.08,120.51,90.67,29.84
ORD00594,2025-06-24,South,Electronics,3,244.16,0.1,656.25,502.57,153.68
ORD00593,2025-06-24,West,Clothing,7,57.67,0.01,401.37,239.35,162.02
ORD00064,2025-06-25,North,Grocery,10,26.71,0.08,245.12,128.36,116.76
ORD01610,2025-06-25,East,Clothing,3,48.51,0.05,138.56,94.09,44.46
ORD01189,2025-06-26,South,Grocery,6,15.43,0.06,86.99,59.38,27.61
ORD01511,2025-06-28,South,Clothing,4,46.28,0.09,167.83,109.98,57.85
ORD00131,2025-06-28,North,Electronics,1,122.72,0.03,119.08,79.35,39.73
ORD01316,2025-06-28,South,Home,4,62.26,0.09,226.61,166.83,59.78
ORD00667,2025-06-29,North,Grocery,6,25.05,0.04,144.6,105.61,38.99
ORD00365,2025-06-29,North,Clothing,5,71.79,0.03,347.12,217.65,129.47
ORD01141,2025-06-29,West,Home,2,48.78,0.04,93.5,70.76,22.74
ORD00688,2025-06-29,South,Sports,2,70.47,0.02,138.11,86.1,52.01
ORD00670,2025-06-29,East,Clothing,2,77.28,0.04,147.85,106.92,40.93
ORD00458,2025-06-30,East,Grocery,9,23.19,0.1,187.96,134.33,53.63
ORD01933,2025-06-30,West,Clothing,1,49.03,0.04,47.11,35.87,11.24
ORD00333,2025-06-30,East,Grocery,2,23.92,0.06,44.97,33.39,11.58
ORD02112,2025-07-01,North,Electronics,3,225.49,0.06,636.1,484.14,151.96
ORD01751,2025-07-01,South,Clothing,2,39.79,0.01,79.03,43.26,35.77
ORD02008,2025-07-01,West,Grocery,5,24.45,0.02,119.69,84.95,34.74
ORD00999,2025-07-01,East,Grocery,8,12.06,0.08,89.08,58.07,31.01
ORD00122,2025-07-02,East,Grocery,3,22.72,0.05,64.99,35.38,29.61
ORD00417,2025-07-02,South,Grocery,10,37.45,0.02,367.32,210.28,157.04
ORD00802,2025-07-02,West,Electronics,1,291.29,0.06,273.6,174.25,99.35
ORD02148,2025-07-03,East,Electronics,1,232.2,0.1,209.1,111.82,97.28
ORD00660,2025-07-03,North,Sports,1,92.35,0.1,83.17,49.4,33.77
ORD00879,2025-07-03,East,Grocery,11,20.08,0.07,204.78,128.4,76.38
ORD01769,2025-07-03,East,Electronics,2,100.17,0.13,175.08,99.27,75.81
ORD01157,2025-07-03,East,Home,4,73.75,0.04,282.61,152.49,130.13
ORD01013,2025-07-04,West,Home,4,73.04,0.03,282.91,202.9,80.01
ORD00398,2025-07-04,West,Clothing,8,33.04,0.03,256.48,150.53,105.95
ORD01997,2025-07-04,South,Grocery,5,26.75,0.03,129.76,97.3,32.46
ORD00118,2025-07-04,South,Clothing,4,47.55,0.02,185.97,119.08,66.89
ORD01580,2025-07-05,West,Electronics,3,200.66,0.02,588.25,386.43,201.82
ORD00512,2025-07-05,East,Grocery,9,37.83,0.04,328.13,217.81,110.33
ORD00974,2025-07-05,East,Electronics,1,169.99,0.06,159.44,111.12,48.32
ORD00683,2025-07-05,East,Electronics,1,177.32,0.03,171.46,89.95,81.5
ORD02175,2025-07-05,North,Clothing,5,53.89,0.04,258.93,192.27,66.67
ORD00428,2025-07-07,West,Clothing,7,55.61,0.04,373.36,244.49,128.87
ORD01325,2025-07-07,South,Clothing,6,45.06,0.04,260.71,182.28,78.43
ORD00378,2025-07-07,South,Electronics,4,173.86,0.12,614.62,340.64,273.97
ORD01388,2025-07-07,East,Grocery,10,13.59,0.03,132.31,90.73,41.58
ORD00090,2025-07-07,East,Grocery,11,34.85,0.01,379.9,255.96,123.94
ORD00742,2025-07-07,West,Electronics,3,151.15,0.13,393.88,283.54,110.34
ORD01402,2025-07-07,East,Clothing,4,47.71,0.03,184.37,137.28,47.09
ORD01841,2025-07-08,North,Clothing,3,50.6,0.06,143.05,75.68,67.37
ORD00006,2025-07-08,West,Home,4,115.8,0.06,435.9,231.04,204.87
ORD00566,2025-07-08,East,Clothing,6,65.55,0.04,375.98,258.87,117.11
ORD00898,2025-07-09,North,Clothing,10,43.61,0.04,419.64,250.97,168.67
ORD00167,2025-07-10,North,Electronics,2,193.64,0.11,345.76,230.07,115.69
ORD00230,2025-07-11,East,Clothing,5,62.43,0.16,260.86,173.19,87.67
ORD01056,2025-07-11,East,Sports,2,56.84,0.03,110.41,75.3,35.11
ORD00141,2025-07-11,East,Home,1,96.11,0.08,88.59,58.55,30.05
ORD00410,2025-07-11,North,Electronics,1,107.86,0.09,97.73,57.71,40.03
ORD01371,2025-07-11,East,Grocery,7,31.03,0.05,205.6,123.08,82.52
ORD00298,2025-07-11,West,Grocery,4,39.45,0.04,151.4,96.14,55.26
ORD00923,2025-07-11,East,Sports,5,57.12,0.04,273.79,146.95,126.83
ORD01854,2025-07-12,North,Sports,2,63.64,0.05,121.14,77.89,43.25
ORD02198,2025-07-12,West,Electronics,2,151.38,0.09,276.39,192.24,84.15
ORD00084,2025-07-13,South,Home,3,106.24,0.03,309.57,164.78,144.79
ORD01778,2025-07-13,East,Sports,4,82.28,0.13,287.42,202.74,84.69
ORD00664,2025-07-13,North,Electronics,2,191.81,0.03,373.98,241.89,132.09
ORD02049,2025-07-14,North,Sports,1,89.94,0.06,84.12,64.74,19.38
ORD01783,2025-07-14,South,Grocery,7,20.98,0.11,131.35,75.55,55.8
ORD00948,2025-07-14,East,Home,4,124.2,0.01,490.35,285.42,204.94
ORD00661,2025-07-15,South,Sports,3,96.39,0.17,238.76,157.84,80.92
ORD00525,2025-07-15,South,Electronics,1,144.22,0.09,131.07,95.47,35.61
ORD01488,2025-07-16,West,Electronics,1,217.5,0.11,193.38,129.02,64.36
ORD00372,2025-07-16,North,Grocery,8,18.43,0.06,138.14,72.99,65.14
ORD00449,2025-07-16,North,Sports,3,87.33,0.16,219.37,150.93,68.44
ORD00727,2025-07-16,East,Home,4,92.67,0.02,361.78,210.94,150.84
ORD00526,2025-07-17,South,Home,2,98.7,0.08,182.56,129.75,52.81
ORD00286,2025-07-17,North,Clothing,4,41.89,0.08,153.5,100.29,53.21
ORD00451,2025-07-18,North,Grocery,9,19.31,0.11,154.03,94.08,59.95
ORD01430,2025-07-18,West,Home,1,65.68,0.11,58.73,37.81,20.92
ORD01081,2025-07-19,East,Grocery,8,17.18,0.05,131.02,71.2,59.83
ORD00426,2025-07-19,West,Clothing,7,76.12,0.09,486.55,298.14,188.41
ORD00429,2025-07-19,West,Clothing,9,39.35,0.07,328.71,254.39,74.32
ORD01670,2025-07-20,South,Electronics,1,179.73,0.01,177.88,111.08,66.8
ORD00595,2025-07-20,South,Electronics,1,184.54,0.01,182.51,102.6,79.91
ORD00826,2025-07-21,East,Home,5,94.68,0.07,441.73,335.91,105.81
ORD00930,2025-07-22,North,Grocery,9,30.72,0.07,258.26,159.08,99.18
ORD01493,2025-07-22,South,Sports,4,103.48,0.09,375.38,214.6,160.78
ORD01945,2025-07-22,North,Grocery,17,29.76,0.06,474.41,369.48,104.93
ORD00238,2025-07-23,East,Electronics,1,147.49,0.04,141.48,87.23,54.25
ORD00781,2025-07-24,East,Grocery,6,21.44,0.18,105.43,63.26,42.17
ORD00668,2025-07-24,East,Clothing,5,52.96,0.04,253.03,168.75,84.28
ORD00718,2025-07-24,West,Home,1,114.38,0.07,105.88,61.81,44.07
ORD00762,2025-07-24,South,Electronics,1,234.15,0.05,223.21,140.68,82.54
ORD00350,2025-07-25,West,Grocery,8,26.07,0.13,181.82,108.39,73.43
ORD01755,2025-07-25,North,Grocery,12,37.66,0.07,419.68,286.5,133.18
ORD00482,2025-07-26,East,Grocery,8,29.19,0.1,210.09,138.83,71.27
ORD00827,2025-07-26,North,Grocery,4,29.57,0.08,108.68,63.7,44.98
ORD01576,2025-07-27,South,Grocery,7,18.88,0.13,114.5,72.85,41.66
ORD00754,2025-07-28,North,Clothing,5,63.57,0.04,305.1,168.87,136.23
ORD01352,2025-07-28,North,Home,1,93.08,0.06,87.41,46.07,41.34
ORD01850,2025-07-28,South,Home,6,57.62,0.04,332.14,185.41,146.73
ORD00157,2025-07-28,East,Home,1,108.67,0.03,105.4,74.2,31.2
ORD01295,2025-07-29,South,Sports,4,49.1,0.02,191.65,104.56,87.1
ORD00589,2025-07-29,West,Home,4,80.42,0.02,314.84,165.83,149.0
ORD02142,2025-07-29,West,Home,1,89.08,0.05,84.31,63.59,20.71
ORD01578,2025-07-30,East,Clothing,3,78.91,0.04,226.47,141.49,84.98
ORD00987,2025-07-30,West,Grocery,8,15.41,0.06,116.45,90.36,26.08
ORD01888,2025-07-31,East,Clothing,1,50.54,0.06,47.37,27.46,19.92
ORD01064,2025-07-31,North,Home,3,41.32,0.06,116.65,82.83,33.82
ORD00799,2025-08-01,South,Sports,3,82.01,0.11,219.87,152.45,67.42
ORD01955,2025-08-01,North,Home,3,79.42,0.05,225.86,141.07,84.79
ORD01025,2025-08-01,South,Sports,1,62.16,0.07,58.07,34.32,23.75
ORD00561,2025-08-02,East,Clothing,4,57.84,0.06,218.48,119.38,99.1
ORD02099,2025-08-02,East,Sports,3,56.12,0.15,143.82,106.13,37.69
ORD00538,2025-08-02,North,Home,3,63.9,0.04,183.15,132.08,51.07
ORD00831,2025-08-03,North,Grocery,10,25.84,0.06,243.04,181.73,61.3
ORD01907,2025-08-04,East,Sports,4,60.25,0.01,238.15,176.9,61.25
ORD01661,2025-08-04,West,Home,1,113.85,0.14,98.47,68.32,30.15
ORD01872,2025-08-04,West,Sports,2,75.35,0.11,134.46,101.09,33.37
ORD01668,2025-08-05,West,Grocery,8,21.4,0.07,159.47,102.17,57.3
ORD01952,2025-08-05,East,Grocery,9,29.95,0.02,263.57,146.61,116.96
ORD01190,2025-08-05,North,Grocery,3,24.09,0.08,66.28,39.13,27.16
ORD00067,2025-08-06,East,Home,7,67.9,0.09,432.65,311.61,121.03
ORD01667,2025-08-06,West,Electronics,1,229.3,0.09,207.57,137.15,70.43
ORD02163,2025-08-06,North,Grocery,11,27.34,0.06,283.67,215.96,67.72
ORD00353,2025-08-07,North,Clothing,1,47.27,0.02,46.12,29.45,16.67
ORD00040,2025-08-07,West,Home,2,91.67,0.06,172.91,103.18,69.73
ORD01967,2025-08-07,South,Grocery,7,19.46,0.13,118.4,64.64,53.76
ORD01653,2025-08-07,North,Home,2,118.7,0.08,218.09,153.31,64.78
ORD00173,2025-08-07,East,Grocery,4,24.76,0.01,98.24,56.92,41.33
ORD01375,2025-08-08,North,Home,4,97.94,0.13,340.21,193.4,146.81
ORD00099,2025-08-08,West,Electronics,1,98.98,0.15,84.29,51.16,33.13
ORD00571,2025-08-09,East,Electronics,1,165.31,0.02,162.2,114.14,48.07
ORD00564,2025-08-09,West,Clothing,6,52.21,0.06,295.54,213.76,81.78
ORD01875,2025-08-09,West,Clothing,6,40.04,0.07,224.62,130.04,94.58
ORD00824,2025-08-09,North,Home,4,88.2,0.01,349.33,222.36,126.96
ORD01557,2025-08-09,North,Grocery,13,15.38,0.02,195.99,114.21,81.78
ORD01989,2025-08-10,North,Sports,1,96.62,0.08,89.12,65.17,23.94
ORD00440,2025-08-10,North,Grocery,17,22.21,0.02,369.97,282.01,87.96
ORD01115,2025-08-10,North,Sports,2,91.47,0.12,161.19,105.61,55.58
ORD01886,2025-08-10,South,Grocery,6,20.16,0.1,108.92,62.25,46.67
ORD01131,2025-08-11,East,Electronics,3,207.14,0.03,600.86,390.51,210.35
ORD01949,2025-08-11,West,Sports,3,65.24,0.07,181.15,140.25,40.9
ORD00190,2025-08-11,East,Electronics,3,160.67,0.12,424.45,271.99,152.47
ORD01264,2025-08-11,South,Grocery,7,32.59,0.12,200.77,143.28,57.49
ORD00241,2025-08-11,West,Home,2,74.99,0.12,132.09,81.78,50.3
ORD01109,2025-08-11,East,Grocery,12,17.38,0.08,191.18,141.16,50.02
ORD01465,2025-08-12,North,Home,2,49.55,0.03,95.71,52.62,43.09
ORD00432,2025-08-12,East,Sports,3,81.39,0.02,239.67,156.41,83.26
ORD01754,2025-08-12,West,Grocery,11,28.37,0.02,305.65,172.16,133.49
ORD00272,2025-08-13,East,Sports,3,51.61,0.01,153.12,89.36,63.76
ORD01642,2025-08-13,South,Grocery,7,17.01,0.02,116.48,73.71,42.77
ORD00335,2025-08-13,West,Clothing,3,48.48,0.03,141.2,110.02,31.18
ORD00800,2025-08-13,West,Home,2,95.6,0.02,186.58,122.15,64.42
ORD00423,2025-08-13,West,Home,7,78.48,0.1,494.45,322.51,171.94
ORD02160,2025-08-14,East,Sports,2,46.67,0.08,86.33,46.95,39.38
ORD02110,2025-08-14,West,Sports,5,82.49,0.05,392.75,279.09,113.66
ORD01303,2025-08-16,North,Clothing,5,51.62,0.08,238.74,124.48,114.26
ORD00690,2025-08-16,West,Sports,4,84.04,0.03,326.09,219.05,107.04
ORD00562,2025-08-17,South,Clothing,5,38.38,0.03,185.94,105.37,80.57
ORD01078,2025-08-17,West,Clothing,1,44.56,0.11,39.82,21.67,18.15
ORD00148,2025-08-17,West,Grocery,3,21.71,0.02,63.96,43.07,20.89
ORD01297,2025-08-17,East,Sports,2,53.01,0.04,101.44,53.13,48.32
ORD01641,2025-08-17,West,Grocery,9,31.07,0.09,255.27,197.25,58.02
ORD00657,2025-08-17,South,Clothing,1,53.38,0.06,49.92,33.39,16.53
ORD00499,2025-08-17,North,Electronics,1,192.04,0.06,180.66,138.96,41.7
ORD01463,2025-08-18,West,Electronics,4,135.32,0.1,484.86,259.26,225.6
ORD00804,2025-08-19,West,Grocery,7,20.9,0.02,144.06,93.8,50.25
ORD00188,2025-08-19,South,Clothing,13,73.38,0.11,844.98,605.68,239.3
ORD01763,2025-08-19,South,Clothing,3,59.96,0.08,165.02,105.25,59.76
ORD02192,2025-08-19,East,Clothing,7,61.4,0.1,387.89,264.67,123.23
ORD01454,2025-08-20,South,Home,1,94.99,0.05,90.16,55.75,34.4
ORD01567,2025-08-21,East,Grocery,10,23.86,0.11,213.34,165.75,47.59
ORD00720,2025-08-21,South,Grocery,3,36.5,0.12,95.9,72.79,23.11
ORD00737,2025-08-21,North,Electronics,3,219.96,0.03,641.81,431.93,209.88
ORD01810,2025-08-21,North,Electronics,1,153.07,0.08,140.63,80.3,60.33
ORD01220,2025-08-21,South,Grocery,12,22.35,0.06,253.45,140.73,112.72
ORD00871,2025-08-22,South,Electronics,2,128.57,0.06,241.84,165.23,76.62
ORD00986,2025-08-22,West,Clothing,5,60.54,0.11,269.89,170.04,99.85
ORD02016,2025-08-23,East,Grocery,9,18.55,0.01,165.35,103.68,61.67
ORD00580,2025-08-24,West,Clothing,6,57.28,0.09,311.42,164.55,146.87
ORD00310,2025-08-24,North,Grocery,9,15.7,0.06,133.4,101.63,31.77
ORD00446,2025-08-24,South,Clothing,7,58.07,0.1,364.77,247.61,117.15
ORD01996,2025-08-24,East,Electronics,3,239.44,0.02,704.52,429.4,275.12
ORD01472,2025-08-25,West,Grocery,6,19.29,0.07,107.38,77.46,29.93
ORD01083,2025-08-25,North,Clothing,6,60.24,0.04,348.19,265.39,82.8
ORD00976,2025-08-25,East,Home,2,110.28,0.12,193.32,137.77,55.54
ORD00454,2025-08-26,East,Electronics,2,191.35,0.08,350.23,197.55,152.68
ORD00302,2025-08-26,South,Home,4,74.7,0.11,267.03,205.25,61.78
ORD01692,2025-08-27,South,Sports,5,63.29,0.05,299.41,159.99,139.42
ORD01551,2025-08-27,South,Clothing,2,64.51,0.16,107.86,63.26,44.6
ORD01762,2025-08-27,North,Grocery,8,22.51,0.04,172.23,108.44,63.79
ORD01785,2025-08-27,South,Grocery,18,22.73,0.1,369.69,206.39,163.3
ORD01188,2025-08-27,South,Grocery,14,24.57,0.2,274.54,150.2,124.35
ORD02184,2025-08-27,South,Clothing,3,59.43,0.04,172.0,107.87,64.14
ORD00979,2025-08-27,North,Grocery,11,22.91,0.04,242.98,167.86,75.12
ORD01690,2025-08-28,South,Clothing,1,64.38,0.06,60.65,34.01,26.64
ORD02164,2025-08-28,North,Sports,1,66.76,0.14,57.28,38.31,18.97
ORD00437,2025-08-28,East,Electronics,1,189.24,0.02,185.83,124.87,60.96
ORD01852,2025-08-28,North,Electronics,1,182.6,0.11,163.17,115.56,47.61
ORD01629,2025-08-29,West,Electronics,3,236.01,0.01,703.74,495.12,208.62
ORD00289,2025-08-29,South,Grocery,11,14.3,0.13,136.23,88.9,47.33
ORD00738,2025-08-29,North,Sports,2,100.54,0.12,176.85,111.52,65.33
ORD00419,2025-08-30,West,Electronics,2,166.98,0.03,322.66,215.37,107.29
ORD00739,2025-08-30,East,Sports,2,52.74,0.13,91.67,59.62,32.04
ORD00698,2025-08-30,South,Electronics,4,255.7,0.04,980.84,587.05,393.78
ORD00422,2025-08-31,West,Electronics,3,165.1,0.02,487.62,356.06,131.56
ORD00524,2025-09-01,North,Clothing,5,43.56,0.08,200.14,119.99,80.15
ORD00103,2025-09-01,West,Grocery,10,25.52,0.11,227.71,177.2,50.5
ORD00192,2025-09-01,East,Home,9,83.18,0.01,744.1,430.69,313.41
ORD00792,2025-09-01,North,Home,1,57.94,0.1,52.03,37.77,14.25
ORD00455,2025-09-02,West,Sports,6,52.29,0.08,288.27,178.3,109.97
ORD00550,2025-09-02,North,Clothing,5,58.96,0.03,284.81,186.38,98.43
ORD01659,2025-09-02,North,Clothing,6,47.59,0.06,269.62,207.5,62.12
ORD01236,2025-09-02,West,Sports,5,64.93,0.08,299.51,177.29,122.21
ORD00075,2025-09-02,North,Home,2,81.17,0.08,149.25,107.56,41.69
ORD00973,2025-09-02,West,Electronics,1,188.34,0.14,161.64,101.84,59.81
ORD01789,2025-09-02,East,Sports,2,74.24,0.08,135.97,78.19,57.77
ORD01424,2025-09-03,South,Clothing,5,65.35,0.01,323.63,209.43,114.2
ORD01125,2025-09-03,North,Clothing,6,61.11,0.02,357.83,219.52,138.31
ORD01860,2025-09-03,South,Grocery,11,42.93,0.01,466.59,312.77,153.82
ORD02098,2025-09-04,East,Home,2,80.09,0.04,153.53,104.25,49.27
ORD00875,2025-09-04,North,Sports,2,57.22,0.19,92.29,71.46,20.83
ORD01212,2025-09-04,West,Sports,6,86.33,0.05,494.6,371.35,123.25
ORD01373,2025-09-05,East,Grocery,7,18.33,0.18,104.81,73.1,31.7
ORD01833,2025-09-05,South,Grocery,7,24.43,0.04,163.99,105.57,58.42
ORD01636,2025-09-06,West,Electronics,1,170.52,0.05,162.67,113.16,49.5
ORD00153,2025-09-06,South,Home,3,107.49,0.02,317.64,232.88,84.76
ORD00672,2025-09-06,South,Electronics,6,169.01,0.09,919.62,709.28,210.35
ORD02029,2025-09-06,East,Grocery,4,17.78,0.2,56.88,32.99,23.89
ORD01238,2025-09-06,East,Clothing,4,26.48,0.06,99.43,54.76,44.67
ORD00028,2025-09-06,North,Electronics,2,233.53,0.07,434.25,310.16,124.09
ORD01047,2025-09-07,East,Home,5,83.6,0.05,398.68,232.28,166.4
ORD01851,2025-09-07,South,Home,3,83.91,0.05,239.54,149.8,89.74
ORD01815,2025-09-07,West,Clothing,4,99.03,0.06,374.03,276.9,97.12
ORD01022,2025-09-08,West,Electronics,1,186.95,0.03,180.92,120.58,60.34
ORD00439,2025-09-08,West,Home,2,77.82,0.09,141.1,99.47,41.63
ORD01868,2025-09-08,North,Home,3,95.32,0.04,273.33,142.97,130.36
ORD01315,2025-09-08,East,Electronics,1,203.29,0.16,170.72,116.21,54.52
ORD01570,2025-09-09,East,Clothing,2,51.9,0.06,97.79,62.02,35.77
ORD00382,2025-09-09,East,Home,2,106.46,0.02,209.24,124.26,84.98
ORD02063,2025-09-09,North,Sports,1,41.88,0.05,39.9,28.8,11.1
ORD01512,2025-09-10,North,Home,6,55.65,0.07,309.01,197.46,111.55
ORD00492,2025-09-10,North,Grocery,7,29.64,0.11,183.74,129.28,54.46
ORD00400,2025-09-10,North,Home,2,101.65,0.12,178.89,104.96,73.93
ORD00198,2025-09-10,South,Grocery,6,28.41,0.14,147.04,86.3,60.74
ORD01915,2025-09-11,East,Sports,5,59.58,0.01,293.7,167.18,126.51
ORD00346,2025-09-11,West,Electronics,1,226.64,0.07,211.63,143.16,68.48
ORD01101,2025-09-11,West,Clothing,2,51.47,0.03,99.65,61.94,37.7
ORD01999,2025-09-12,East,Clothing,4,42.18,0.02,164.77,114.43,50.34
ORD01132,2025-09-12,South,Sports,4,91.22,0.13,318.94,235.72,83.22
ORD01958,2025-09-12,West,Clothing,4,64.84,0.04,249.7,176.22,73.48
ORD00943,2025-09-13,South,Sports,6,69.65,0.05,395.28,255.26,140.02
ORD00262,2025-09-13,South,Grocery,6,17.87,0.03,104.46,62.92,41.55
ORD02000,2025-09-13,South,Clothing,5,57.08,0.08,262.69,190.57,72.12
ORD01478,2025-09-13,South,Clothing,5,64.83,0.01,322.3,198.97,123.32
ORD02023,2025-09-13,East,Home,2,71.57,0.05,135.94,98.16,37.78
ORD00364,2025-09-13,South,Clothing,1,99.11,0.01,97.92,65.0,32.93
ORD00984,2025-09-14,West,Sports,6,91.55,0.02,536.45,390.68,145.76
ORD00164,2025-09-14,North,Clothing,7,49.53,0.07,322.59,187.21,135.38
ORD01000,2025-09-14,West,Grocery,13,27.97,0.09,329.68,188.97,140.71
ORD00586,2025-09-15,North,Home,1,63.04,0.08,57.76,39.98,17.78
ORD01983,2025-09-15,South,Electronics,1,127.38,0.13,110.97,62.15,48.82
ORD00390,2025-09-15,North,Electronics,4,155.41,0.15,531.31,341.49,189.82
ORD01420,2025-09-15,West,Grocery,9,28.33,0.13,221.93,164.24,57.69
ORD02178,2025-09-16,South,Electronics,4,218.36,0.11,778.17,557.54,220.63
ORD01379,2025-09-16,West,Grocery,4,33.87,0.08,124.55,74.13,50.42
ORD02146,2025-09-16,North,Sports,8,49.07,0.14,339.23,196.43,142.81
ORD01895,2025-09-17,West,Clothing,2,61.73,0.13,107.78,81.87,25.91
ORD01391,2025-09-17,North,Grocery,9,20.04,0.12,158.54,88.36,70.18
ORD00292,2025-09-18,North,Clothing,7,53.34,0.1,335.28,193.29,141.99
ORD01063,2025-09-18,South,Home,3,77.52,0.04,222.66,171.13,51.53
ORD00843,2025-09-18,South,Grocery,12,25.08,0.11,267.12,172.02,95.1
ORD00483,2025-09-19,East,Home,7,96.78,0.04,648.9,444.53,204.37
ORD01966,2025-09-19,South,Home,3,36.04,0.05,102.52,68.26,34.26
ORD01314,2025-09-19,East,Grocery,8,14.91,0.14,102.85,78.1,24.75
ORD00676,2025-09-19,South,Grocery,10,27.24,0.03,263.35,195.04,68.3
ORD00246,2025-09-20,North,Clothing,4,74.64,0.07,277.01,161.71,115.3
ORD01092,2025-09-21,North,Clothing,2,43.43,0.06,81.48,54.61,26.86
ORD01294,2025-09-21,West,Sports,1,94.39,0.02,92.91,49.01,43.91
ORD00523,2025-09-22,East,Home,1,122.78,0.16,103.62,74.15,29.47
ORD00825,2025-09-22,West,Electronics,3,167.99,0.06,472.5,302.42,170.08
ORD01991,2025-09-22,North,Home,6,98.92,0.02,582.34,307.78,274.56
ORD01817,2025-09-22,North,Grocery,6,18.56,0.04,106.45,63.34,43.11
ORD01584,2025-09-23,South,Grocery,9,15.24,0.07,128.26,75.5,52.76
ORD00702,2025-09-24,South,Clothing,4,31.38,0.03,121.79,64.29,57.5
ORD00529,2025-09-24,North,Clothing,2,45.55,0.04,87.65,62.06,25.59
ORD02088,2025-09-24,South,Grocery,11,32.71,0.04,345.98,209.96,136.02
ORD01494,2025-09-25,West,Clothing,5,64.53,0.05,306.16,166.55,139.61
ORD01019,2025-09-25,West,Electronics,1,186.35,0.06,174.3,113.82,60.48
ORD01335,2025-09-26,East,Home,3,76.34,0.07,212.59,123.11,89.48
ORD00889,2025-09-26,East,Electronics,3,159.1,0.0,475.77,276.59,199.18
ORD01348,2025-09-26,East,Home,2,106.31,0.11,189.33,131.98,57.35
ORD01137,2025-09-27,East,Electronics,2,114.61,0.09,207.6,127.32,80.28
ORD00602,2025-09-27,South,Home,1,107.87,0.01,106.39,62.35,44.04
ORD01965,2025-09-28,West,Grocery,5,29.33,0.03,142.27,80.15,62.12
ORD01323,2025-09-28,East,Clothing,2,53.06,0.0,105.88,63.23,42.65
ORD00763,2025-09-29,East,Home,6,54.65,0.07,303.74,170.02,133.72
ORD01439,2025-09-29,North,Home,5,104.26,0.05,496.61,342.99,153.62
ORD00276,2025-09-29,South,Clothing,5,62.46,0.07,290.08,187.42,102.66
ORD01779,2025-09-29,North,Electronics,7,167.05,0.07,1083.4,827.18,256.23
ORD00126,2025-09-30,North,Clothing,3,97.07,0.02,284.74,213.35,71.39
ORD01146,2025-09-30,West,Clothing,4,35.9,0.11,128.51,84.06,44.45
ORD00576,2025-09-30,West,Clothing,2,62.61,0.12,109.69,70.58,39.11
ORD01764,2025-10-01,West,Home,3,123.16,0.01,364.78,266.44,98.34
ORD00473,2025-10-01,West,Home,5,87.37,0.05,415.86,221.54,194.32
ORD00701,2025-10-02,West,Sports,4,44.74,0.03,173.25,105.21,68.04
ORD02186,2025-10-02,East,Home,5,75.23,0.08,344.17,204.69,139.48
ORD00383,2025-10-03,East,Sports,7,56.9,0.09,363.62,238.25,125.37
ORD02103,2025-10-03,South,Clothing,6,32.46,0.04,187.55,108.12,79.42
ORD01339,2025-10-03,North,Grocery,6,28.1,0.03,162.96,112.04,50.91
ORD00200,2025-10-04,South,Sports,1,40.96,0.03,39.83,27.58,12.25
ORD01330,2025-10-04,South,Clothing,5,62.64,0.08,288.87,223.73,65.14
ORD02167,2025-10-04,North,Clothing,5,51.35,0.02,252.48,165.41,87.07
ORD00717,2025-10-04,West,Sports,4,57.02,0.02,223.14,155.69,67.45
ORD01944,2025-10-05,South,Grocery,8,37.75,0.14,259.73,148.91,110.82
ORD00436,2025-10-05,North,Grocery,10,16.85,0.13,146.57,85.97,60.59
ORD01491,2025-10-05,North,Clothing,3,40.09,0.01,118.7,62.93,55.76
ORD01433,2025-10-07,South,Home,2,34.71,0.11,62.02,40.28,21.74
ORD01282,2025-10-07,South,Clothing,7,79.1,0.06,522.57,303.15,219.42
ORD00942,2025-10-08,South,Clothing,7,49.58,0.04,332.76,255.04,77.72
ORD00949,2025-10-08,South,Grocery,14,28.87,0.11,361.62,193.36,168.26
ORD00120,2025-10-09,North,Electronics,2,154.05,0.05,293.53,203.07,90.46
ORD02011,2025-10-09,East,Home,5,79.87,0.19,323.14,210.71,112.43
ORD01012,2025-10-09,West,Grocery,8,31.59,0.16,212.21,113.57,98.64
ORD00083,2025-10-10,South,Grocery,8,27.53,0.15,187.58,112.44,75.14
ORD01414,2025-10-11,North,Home,3,113.38,0.07,317.14,174.92,142.22
ORD01867,2025-10-11,West,Clothing,4,22.28,0.02,87.09,63.16,23.93
ORD00363,2025-10-11,North,Clothing,1,63.4,0.01,62.86,36.64,26.23
ORD02131,2025-10-11,South,Home,1,114.47,0.08,105.71,79.43,26.28
ORD01460,2025-10-12,West,Clothing,7,58.75,0.1,371.23,282.27,88.96
ORD00160,2025-10-12,North,Electronics,1,223.25,0.01,221.43,154.18,67.26
ORD01757,2025-10-12,South,Electronics,1,202.32,0.13,176.16,131.0,45.16
ORD01652,2025-10-12,West,Sports,5,72.93,0.03,352.16,184.31,167.84
ORD01968,2025-10-12,North,Home,1,66.09,0.07,61.76,43.45,18.32
ORD01029,2025-10-13,North,Clothing,3,60.81,0.02,179.68,111.26,68.41
ORD01924,2025-10-13,West,Grocery,10,24.54,0.11,219.22,139.72,79.51
ORD00859,2025-10-14,West,Clothing,3,51.68,0.05,146.63,82.35,64.28
ORD01994,2025-10-15,North,Clothing,5,57.26,0.06,268.35,159.96,108.39
ORD01813,2025-10-15,East,Clothing,1,43.74,0.08,40.22,30.49,9.73
ORD01956,2025-10-15,East,Sports,2,33.2,0.06,62.14,43.57,18.57
ORD00211,2025-10-16,North,Home,6,94.98,0.06,533.95,294.87,239.08
ORD01864,2025-10-17,North,Sports,4,78.37,0.1,280.85,203.25,77.6
ORD01292,2025-10-17,West,Home,1,72.04,0.11,63.81,40.64,23.16
ORD00444,2025-10-17,North,Grocery,9,11.55,0.15,88.62,48.5,40.12
ORD00689,2025-10-18,North,Grocery,8,24.68,0.1,178.32,113.06,65.25
ORD01816,2025-10-18,East,Grocery,2,42.62,0.09,77.62,55.87,21.75
ORD01413,2025-10-18,West,Sports,5,61.94,0.21,243.87,130.91,112.96
ORD00135,2025-10-18,South,Sports,7,68.43,0.12,420.02,272.53,147.5
ORD01011,2025-10-18,South,Grocery,8,36.69,0.06,274.71,176.63,98.08
ORD02176,2025-10-19,West,Clothing,4,38.52,0.04,148.19,101.17,47.02
ORD01770,2025-10-19,East,Sports,1,67.02,0.06,62.72,38.05,24.67
ORD01971,2025-10-19,East,Electronics,1,168.73,0.04,162.16,93.23,68.93
ORD02113,2025-10-21,West,Grocery,5,21.18,0.15,90.37,60.85,29.52
ORD01103,2025-10-21,East,Home,3,94.33,0.02,276.88,152.38,124.5
ORD00159,2025-10-21,East,Home,2,84.17,0.04,162.18,100.89,61.29
ORD00139,2025-10-21,North,Electronics,1,155.49,0.12,137.24,94.23,43.0
ORD01381,2025-10-21,West,Home,1,66.53,0.15,56.75,30.13,26.62
ORD01397,2025-10-22,West,Sports,2,42.92,0.1,77.66,55.51,22.15
ORD00117,2025-10-22,North,Electronics,2,162.29,0.01,321.3,244.2,77.09
ORD01077,2025-10-22,South,Clothing,2,62.41,0.14,107.79,76.7,31.1
ORD01824,2025-10-22,East,Sports,1,77.73,0.06,73.01,40.41,32.6
ORD01001,2025-10-23,West,Electronics,1,230.73,0.07,213.8,157.39,56.41
ORD00232,2025-10-24,East,Grocery,4,20.82,0.08,76.23,49.03,27.19
ORD00510,2025-10-25,West,Clothing,4,33.03,0.12,116.88,89.47,27.41
ORD01265,2025-10-26,North,Grocery,9,30.71,0.11,245.39,135.23,110.16
ORD00642,2025-10-26,North,Grocery,6,30.84,0.0,184.82,127.78,57.04
ORD02084,2025-10-26,West,Grocery,12,29.78,0.02,351.19,211.82,139.37
ORD00685,2025-10-27,East,Electronics,2,161.43,0.07,300.16,179.81,120.35
ORD00009,2025-10-27,South,Home,1,102.1,0.03,98.84,52.01,46.83
ORD02062,2025-10-27,South,Clothing,4,75.24,0.04,289.84,187.6,102.24
ORD01302,2025-10-28,South,Grocery,8,23.37,0.17,154.41,118.85,35.55
ORD00543,2025-10-28,North,Sports,2,98.57,0.09,179.47,107.98,71.49
ORD00603,2025-10-28,East,Electronics,4,118.48,0.06,445.67,293.18,152.49
ORD01300,2025-10-29,West,Electronics,5,195.48,0.04,934.37,680.2,254.18
ORD01161,2025-10-29,West,Grocery,11,36.72,0.03,392.58,218.66,173.92
ORD01159,2025-10-29,South,Clothing,6,57.71,0.06,326.01,238.85,87.16
ORD00691,2025-10-30,North,Electronics,3,157.59,0.03,457.21,308.43,148.79
ORD01809,2025-10-30,East,Grocery,9,32.41,0.08,267.89,140.0,127.88
ORD01111,2025-10-30,North,Clothing,2,58.86,0.1,105.59,57.11,48.49
ORD00137,2025-10-30,South,Home,2,111.54,0.14,192.07,116.73,75.34
ORD00518,2025-10-31,West,Electronics,3,156.51,0.1,421.37,237.49,183.88
ORD00069,2025-11-01,South,Home,3,89.11,0.15,228.01,133.78,94.22
ORD01310,2025-11-01,West,Clothing,6,58.12,0.04,335.56,204.38,131.18
ORD01382,2025-11-01,West,Electronics,3,256.82,0.02,755.07,588.07,167.0
ORD01495,2025-11-01,East,Clothing,4,69.23,0.08,254.3,193.06,61.24
ORD01122,2025-11-02,West,Grocery,10,21.52,0.02,210.45,163.42,47.03
ORD00733,2025-11-02,South,Clothing,4,57.79,0.07,215.52,141.2,74.31
ORD01144,2025-11-02,South,Grocery,8,27.58,0.05,209.85,121.17,88.69
ORD01715,2025-11-03,West,Sports,3,81.92,0.04,236.22,166.27,69.95
ORD01359,2025-11-03,West,Grocery,11,26.66,0.06,276.38,167.06,109.32
ORD00618,2025-11-03,North,Sports,1,67.31,0.05,64.22,47.02,17.2
ORD01624,2025-11-06,North,Clothing,7,45.37,0.09,289.29,163.52,125.77
ORD02036,2025-11-06,South,Clothing,6,37.19,0.05,211.7,131.19,80.51
ORD00185,2025-11-06,West,Sports,3,113.62,0.08,312.3,170.08,142.23
ORD00127,2025-11-06,East,Grocery,3,10.98,0.03,32.04,20.15,11.9
ORD01176,2025-11-06,North,Grocery,7,34.16,0.03,231.81,153.62,78.19
ORD00850,2025-11-07,East,Sports,5,57.89,0.07,269.5,166.92,102.58
ORD00328,2025-11-07,East,Grocery,7,10.28,0.04,68.88,36.87,32.01
ORD01870,2025-11-08,South,Grocery,11,30.68,0.03,327.45,189.21,138.24
ORD02066,2025-11-08,South,Clothing,6,31.73,0.05,180.93,128.41,52.52
ORD00533,2025-11-08,West,Home,1,58.36,0.02,56.98,41.34,15.65
ORD01041,2025-11-08,East,Grocery,5,30.06,0.08,138.1,92.12,45.98
ORD00908,2025-11-08,North,Grocery,10,25.71,0.1,230.6,138.34,92.26
ORD00812,2025-11-08,North,Clothing,1,72.61,0.14,62.8,46.41,16.39
ORD00614,2025-11-09,East,Home,2,102.16,0.06,192.16,148.2,43.96
ORD00932,2025-11-09,South,Sports,2,72.23,0.04,138.52,83.44,55.08
ORD01528,2025-11-09,West,Home,2,81.64,0.11,145.16,91.12,54.04
ORD00934,2025-11-10,East,Clothing,8,65.7,0.06,492.64,308.98,183.66
ORD01731,2025-11-11,East,Grocery,8,23.53,0.06,176.5,125.06,51.45
ORD01256,2025-11-11,North,Home,1,67.82,0.04,65.1,44.69,20.41
ORD01602,2025-11-11,East,Sports,2,65.27,0.02,128.57,67.11,61.46
ORD01873,2025-11-11,East,Electronics,4,264.45,0.09,959.48,504.62,454.86
ORD02128,2025-11-11,East,Grocery,11,42.22,0.05,439.69,269.34,170.35
ORD00916,2025-11-11,East,Grocery,6,23.2,0.03,134.84,84.94,49.9
ORD01489,2025-11-12,East,Grocery,3,20.1,0.04,57.6,41.48,16.11
ORD01485,2025-11-12,East,Grocery,4,18.37,0.06,68.87,47.29,21.58
ORD02056,2025-11-12,West,Clothing,2,61.17,0.08,112.93,71.31,41.63
ORD00016,2025-11-12,North,Home,4,76.1,0.13,266.3,144.75,121.55
ORD02129,2025-11-13,West,Electronics,1,215.56,0.05,205.23,117.84,87.39
ORD00318,2025-11-13,South,Sports,3,103.66,0.03,302.21,224.76,77.45
ORD00299,2025-11-14,North,Electronics,1,162.9,0.06,153.84,105.07,48.77
ORD00007,2025-11-14,East,Grocery,5,26.57,0.01,131.37,77.55,53.82
ORD01959,2025-11-14,South,Electronics,3,152.33,0.07,426.28,303.29,123.0
ORD01423,2025-11-14,West,Grocery,9,19.92,0.07,167.52,128.16,39.36
ORD00630,2025-11-14,West,Home,1,121.98,0.02,119.64,67.99,51.65
ORD01018,2025-11-14,West,Sports,5,75.74,0.14,324.47,186.83,137.64
ORD01242,2025-11-15,East,Grocery,5,29.11,0.09,132.56,94.6,37.96
ORD01765,2025-11-15,West,Sports,2,94.95,0.12,167.6,124.81,42.79
ORD00905,2025-11-16,North,Sports,1,71.5,0.16,60.28,33.45,26.82
ORD01171,2025-11-17,North,Clothing,6,55.02,0.13,286.96,156.13,130.83
ORD02165,2025-11-17,East,Grocery,6,23.88,0.01,142.24,77.35,64.89
ORD01950,2025-11-17,South,Clothing,5,49.67,0.05,235.54,171.58,63.97
ORD00735,2025-11-18,North,Home,6,74.98,0.16,377.52,210.25,167.27
ORD01252,2025-11-18,East,Clothing,3,59.15,0.05,168.11,104.56,63.55
ORD01231,2025-11-18,South,Sports,2,71.19,0.06,134.12,95.27,38.85
ORD01990,2025-11-18,North,Home,1,66.62,0.05,63.52,34.2,29.32
ORD00010,2025-11-18,East,Grocery,6,26.83,0.01,159.11,86.74,72.37
ORD02159,2025-11-19,East,Grocery,11,23.56,0.03,251.41,147.8,103.61
ORD02096,2025-11-20,East,Clothing,8,53.88,0.08,396.22,275.89,120.33
ORD01845,2025-11-20,West,Home,5,75.62,0.1,338.75,248.12,90.63
ORD01039,2025-11-20,West,Grocery,7,14.15,0.04,94.97,55.48,39.49
ORD01429,2025-11-20,North,Grocery,10,20.51,0.1,183.85,118.51,65.34
ORD00183,2025-11-20,North,Home,2,92.72,0.11,165.38,124.27,41.11
ORD00639,2025-11-20,North,Grocery,7,28.58,0.07,186.51,99.67,86.83
ORD00773,2025-11-20,South,Grocery,7,23.7,0.07,153.51,100.69,52.82
ORD02122,2025-11-21,West,Grocery,12,34.49,0.08,382.09,200.99,181.11
ORD01746,2025-11-22,West,Clothing,5,73.48,0.12,321.75,219.33,102.43
ORD01611,2025-11-22,South,Electronics,3,192.14,0.07,537.5,326.14,211.35
ORD01483,2025-11-22,West,Grocery,9,29.47,0.09,241.31,156.72,84.59
ORD01887,2025-11-22,North,Electronics,3,188.64,0.08,522.25,320.69,201.56
ORD02187,2025-11-22,East,Electronics,2,148.41,0.17,246.67,186.31,60.35
ORD01695,2025-11-23,North,Grocery,11,23.16,0.12,224.38,155.79,68.58
ORD01654,2025-11-23,East,Clothing,3,32.07,0.08,88.22,46.06,42.16
ORD00222,2025-11-23,South,Electronics,3,170.12,0.11,455.82,261.33,194.49
ORD00841,2025-11-24,East,Home,4,124.27,0.03,483.73,331.59,152.14
ORD00940,2025-11-24,North,Sports,3,50.62,0.07,141.02,93.95,47.07
ORD01634,2025-11-24,West,Grocery,4,21.9,0.04,83.94,63.01,20.93
ORD01940,2025-11-25,South,Home,5,66.87,0.06,315.52,230.6,84.92
ORD00376,2025-11-25,South,Home,2,70.1,0.12,123.78,65.57,58.21
ORD01194,2025-11-25,North,Home,2,54.39,0.03,105.58,61.62,43.97
ORD01535,2025-11-25,North,Electronics,3,287.56,0.13,753.81,462.64,291.17
ORD01539,2025-11-25,South,Clothing,6,62.29,0.05,355.97,259.47,96.5
ORD02166,2025-11-26,North,Grocery,9,20.53,0.04,176.87,103.41,73.45
ORD02123,2025-11-26,North,Electronics,2,106.23,0.03,206.1,149.47,56.63
ORD01619,2025-11-28,North,Grocery,12,29.63,0.04,341.78,204.99,136.79
ORD02161,2025-11-28,East,Electronics,1,165.95,0.04,160.14,90.61,69.53
ORD02007,2025-11-28,West,Electronics,4,151.22,0.07,563.82,389.98,173.84
ORD02140,2025-11-29,South,Electronics,2,112.23,0.06,210.64,160.12,50.52
ORD00121,2025-11-30,South,Clothing,4,51.43,0.13,178.17,94.33,83.84
ORD01547,2025-11-30,North,Grocery,8,20.78,0.08,153.34,79.76,73.59
ORD01973,2025-11-30,West,Grocery,8,28.86,0.15,195.65,130.42,65.23
ORD01706,2025-11-30,South,Clothing,4,78.03,0.06,292.44,161.34,131.1
ORD00620,2025-11-30,West,Electronics,1,161.57,0.07,150.0,104.3,45.69
ORD01173,2025-12-01,North,Grocery,5,18.6,0.04,88.86,47.2,41.66
ORD02087,2025-12-01,West,Grocery,8,25.85,0.05,197.04,146.86,50.18
ORD00043,2025-12-02,East,Grocery,9,31.35,0.01,278.61,198.01,80.6
ORD00282,2025-12-02,South,Home,4,79.08,0.08,292.31,182.61,109.69
ORD01186,2025-12-02,East,Electronics,3,199.98,0.07,556.16,419.44,136.72
ORD01228,2025-12-03,East,Home,5,71.18,0.13,308.79,172.81,135.98
ORD00646,2025-12-03,West,Clothing,4,94.86,0.11,339.02,252.01,87.01
ORD00700,2025-12-03,South,Sports,2,85.94,0.07,160.15,117.98,42.17
ORD01698,2025-12-03,East,Electronics,5,150.36,0.02,735.94,479.55,256.39
ORD00034,2025-12-03,West,Home,3,93.26,0.01,276.57,169.13,107.44
ORD01259,2025-12-04,South,Clothing,6,45.77,0.11,244.98,136.55,108.44
ORD01204,2025-12-04,North,Clothing,5,44.52,0.04,212.88,153.89,58.99
ORD01842,2025-12-05,North,Grocery,14,16.43,0.1,207.36,116.75,90.6
ORD01554,2025-12-05,South,Clothing,5,69.93,0.08,322.51,241.07,81.44
ORD00225,2025-12-05,East,Home,1,114.39,0.06,106.97,79.77,27.2
ORD01447,2025-12-05,West,Grocery,10,26.4,0.1,236.97,157.08,79.89
ORD02025,2025-12-05,West,Electronics,1,140.17,0.06,131.1,70.87,60.23
ORD00901,2025-12-05,West,Grocery,8,36.91,0.01,292.14,203.31,88.84
ORD01474,2025-12-05,East,Sports,4,59.98,0.1,215.91,153.35,62.56
ORD01568,2025-12-07,West,Grocery,8,28.0,0.03,218.16,167.97,50.2
ORD00947,2025-12-07,North,Electronics,8,200.64,0.05,1522.42,1116.47,405.95
ORD01215,2025-12-07,South,Grocery,12,22.71,0.04,260.81,152.24,108.57
ORD00514,2025-12-08,West,Grocery,7,20.98,0.2,117.81,87.3,30.51
ORD02194,2025-12-08,North,Electronics,2,166.47,0.1,299.05,223.04,76.01
ORD01501,2025-12-08,West,Electronics,3,173.69,0.08,480.99,345.92,135.07
ORD01105,2025-12-08,West,Electronics,1,229.91,0.02,225.22,171.78,53.44
ORD01524,2025-12-08,South,Clothing,5,54.35,0.04,262.22,202.67,59.56
ORD02105,2025-12-09,South,Clothing,2,71.38,0.12,125.81,96.19,29.62
ORD00355,2025-12-09,East,Home,4,67.76,0.04,259.55,185.96,73.59
ORD01534,2025-12-09,East,Clothing,6,64.42,0.05,368.24,235.88,132.35
ORD00448,2025-12-09,South,Grocery,8,27.37,0.1,196.71,110.38,86.33
ORD00574,2025-12-10,South,Grocery,5,20.38,0.08,93.42,57.81,35.61
ORD00608,2025-12-10,South,Sports,4,74.09,0.07,276.48,197.06,79.42
ORD01104,2025-12-10,South,Grocery,9,20.28,0.04,174.57,133.15,41.42
ORD00807,2025-12-10,West,Grocery,11,29.16,0.07,298.17,193.46,104.71
ORD00544,2025-12-10,West,Home,6,67.07,0.02,394.21,280.53,113.68
ORD00295,2025-12-11,East,Grocery,3,18.9,0.05,53.94,36.58,17.36
ORD01272,2025-12-11,East,Home,2,68.54,0.02,133.92,71.75,62.16
ORD00764,2025-12-11,West,Clothing,5,50.55,0.18,206.1,112.75,93.35
ORD01573,2025-12-11,West,Home,2,69.29,0.07,129.39,67.42,61.97
ORD00371,2025-12-12,East,Clothing,4,36.51,0.02,143.08,92.48,50.6
ORD00507,2025-12-12,North,Grocery,6,16.35,0.02,96.2,73.52,22.68
ORD01986,2025-12-12,West,Sports,3,64.23,0.01,189.87,117.2,72.67
ORD00911,2025-12-13,South,Electronics,1,106.88,0.04,102.82,77.78,25.04
ORD00033,2025-12-13,South,Sports,5,43.89,0.05,209.27,151.64,57.64
ORD00849,2025-12-14,North,Electronics,1,139.54,0.02,136.87,81.89,54.98
ORD02054,2025-12-14,East,Electronics,4,111.11,0.03,429.27,320.8,108.46
ORD01200,2025-12-14,East,Grocery,5,26.49,0.05,126.16,67.98,58.17
ORD00088,2025-12-14,East,Electronics,1,169.27,0.06,158.33,85.16,73.17
ORD00744,2025-12-14,West,Clothing,5,53.14,0.08,245.53,159.0,86.53
ORD00606,2025-12-15,East,Electronics,3,203.43,0.09,552.41,297.29,255.12
ORD01197,2025-12-16,North,Home,4,98.46,0.09,356.92,273.6,83.32
ORD01038,2025-12-16,East,Sports,5,73.79,0.03,359.64,201.57,158.07
ORD01805,2025-12-17,West,Sports,5,94.88,0.03,462.33,354.69,107.64
ORD00830,2025-12-17,North,Electronics,4,135.3,0.07,501.77,273.53,228.24
ORD01456,2025-12-17,North,Sports,6,80.7,0.06,454.13,352.3,101.83
ORD01920,2025-12-17,South,Grocery,7,19.22,0.08,123.79,78.59,45.2
ORD01984,2025-12-18,South,Sports,3,55.44,0.07,154.13,93.03,61.1
ORD00287,2025-12-18,East,Home,2,109.01,0.06,204.18,132.08,72.1
ORD00060,2025-12-19,West,Electronics,2,116.78,0.15,199.41,120.49,78.92
ORD00348,2025-12-19,South,Home,4,82.24,0.06,309.91,208.58,101.34
ORD01469,2025-12-20,East,Grocery,7,30.7,0.12,188.85,137.48,51.37
ORD00588,2025-12-20,East,Grocery,12,26.18,0.12,276.53,212.82,63.71
ORD00897,2025-12-20,North,Grocery,7,17.68,0.03,119.64,64.05,55.59
ORD00041,2025-12-20,East,Home,4,60.01,0.05,228.0,142.81,85.19
ORD00197,2025-12-21,North,Clothing,7,60.46,0.01,419.44,258.1,161.34
ORD00679,2025-12-23,West,Grocery,13,22.71,0.06,277.3,201.31,75.99
ORD02180,2025-12-23,South,Electronics,3,253.02,0.08,700.56,412.72,287.84
ORD01043,2025-12-23,East,Sports,3,75.12,0.06,212.08,132.39,79.7
ORD00112,2025-12-24,North,Home,2,83.65,0.04,161.2,105.83,55.37
ORD00025,2025-12-24,North,Home,7,113.98,0.07,743.08,419.21,323.87
ORD01487,2025-12-24,South,Sports,3,53.72,0.11,142.67,85.68,56.98
ORD01399,2025-12-24,North,Clothing,2,69.75,0.0,138.94,98.52,40.42
ORD00950,2025-12-25,East,Home,1,88.28,0.11,78.83,53.26,25.57
ORD00749,2025-12-25,East,Sports,8,69.92,0.07,522.43,347.85,174.58
ORD00082,2025-12-25,West,Clothing,1,48.26,0.04,46.49,33.79,12.7
ORD00097,2025-12-26,North,Home,1,110.88,0.09,100.55,62.64,37.91
ORD02133,2025-12-26,East,Grocery,9,27.19,0.14,211.16,142.74,68.43
ORD01904,2025-12-26,North,Grocery,12,29.37,0.15,300.42,218.52,81.9
ORD00969,2025-12-26,East,Grocery,10,39.8,0.03,385.28,243.34,141.94
ORD01007,2025-12-26,South,Home,3,75.9,0.01,224.43,130.84,93.59
ORD00516,2025-12-27,South,Grocery,10,29.66,0.04,285.79,217.04,68.75
ORD00210,2025-12-28,North,Sports,1,50.72,0.07,47.08,33.31,13.77
ORD01243,2025-12-28,North,Sports,3,66.82,0.02,196.41,120.55,75.86
ORD01647,2025-12-28,East,Home,1,89.49,0.11,79.7,41.82,37.88
ORD01332,2025-12-29,East,Clothing,3,41.56,0.02,122.23,90.26,31.97
ORD01951,2025-12-29,South,Sports,2,51.38,0.1,92.15,66.55,25.6
ORD01044,2025-12-30,North,Home,5,107.21,0.05,510.69,305.15,205.54
ORD01002,2025-12-31,North,Clothing,2,45.64,0.01,90.46,56.82,33.65
ORD01283,2025-12-31,West,Grocery,3,25.4,0.04,72.91,39.1,33.81
ORD01467,2025-12-31,South,Home,2,73.95,0.13,129.36,87.05,42.31
ORD01126,2025-12-31,South,Home,6,70.41,0.08,387.93,223.72,164.2
ORD00027,2025-12-31,West,Home,3,51.27,0.06,144.98,106.87,38.11
